firstname,lastname,club,position,basesalary,guaranteedcomp
Adrian,Gill,ATL,M,"$88,025.00","$88,025.00"
Adyn,Torres,ATL,M,"$120,000.00","$120,000.00"
Ajani,Fortune,ATL,M,"$120,000.00","$120,000.00"
Aleksey,Miranchuk,ATL,M,"$3,800,000.00","$5,085,441.00"
Ashton,Gordon,ATL,F,"$88,025.00","$88,025.00"
Cayman,Togashi,ATL,F,"$113,400.00","$113,400.00"
Cooper,Sanchez,ATL,M,"$88,025.00","$88,025.00"
Dominik,Chong Qui,ATL,D,"$88,025.00","$88,025.00"
Elías,Báez,ATL,D,"$264,706.00","$293,706.00"
Emmanuel,Latte Lath,ATL,F,"$3,240,000.00","$3,736,000.00"
Enea,Mihaj,ATL,D,"$1,215,000.00","$1,557,000.00"
Fafà,Picault,ATL,F,"$113,400.00","$142,250.00"
Jayden,Hibbert,ATL,GK,"$113,400.00","$113,400.00"
Juan,Berrocal,ATL,D,"$1,424,666.64","$1,424,666.64"
Lucas,Hoyos,ATL,GK,"$315,000.00","$342,667.00"
Luke,Brennan,ATL,M,"$125,000.00","$125,000.00"
Matías,Galarza,ATL,M,"$720,000.00","$945,413.00"
Matthew,Edwards,ATL,D,"$113,400.00","$113,400.00"
Miguel,Almirón,ATL,F,"$6,056,000.00","$7,871,000.00"
Pedro,Amador,ATL,D,"$256,992.00","$292,604.00"
Ronald,Hernández,ATL,D,"$145,000.00","$159,000.00"
Saba,Lobjanidze,ATL,F,"$900,000.00","$998,750.00"
Santiago,Pita,ATL,M,"$88,025.00","$88,025.00"
Sergio,Santos,ATL,F,"$113,400.00","$171,000.00"
Steven,Alzate,ATL,M,"$1,062,186.00","$1,377,087.00"
Stian,Gregersen,ATL,D,"$850,000.00","$970,000.00"
Tomás,Jacob,ATL,D,"$525,000.00","$642,500.00"
Tristan,Muyumba,ATL,M,"$600,000.00","$641,600.00"
Will,Reilly,ATL,M,"$88,025.00","$88,025.00"
Besard,Šabović,ATX,M,"$650,000.00","$650,000.00"
Brad,Stuver,ATX,GK,"$600,000.00","$631,667.00"
Brandon,Vazquez,ATX,F,"$3,350,000.00","$3,701,778.00"
Brendan,Hines-Ike,ATX,D,"$375,000.00","$375,000.00"
Christian,Ramirez,ATX,F,"$525,000.00","$577,500.00"
CJ,Fodrey,ATX,F,"$120,000.00","$120,000.00"
Damian,Las,ATX,GK,"$175,000.00","$175,000.00"
Daniel,Pereira,ATX,M,"$750,000.00","$793,750.00"
Ervin,Torres,ATX,M,"$88,025.00","$104,525.00"
Facundo,Torres,ATX,F,"$3,360,000.00","$4,405,000.00"
Guilherme,da Trindade Dubas,ATX,D,"$325,000.00","$325,000.00"
Ilie,Sánchez,ATX,M,"$225,000.00","$225,000.00"
Jayden,Nelson,ATX,F,"$499,999.92","$554,000.00"
Jon,Gallagher,ATX,D,"$400,000.00","$400,000.00"
Jon,Bell,ATX,D,"$225,000.00","$225,000.00"
Joseph,Rosales,ATX,D,"$500,000.00","$529,875.00"
Mateja,Djordjević,ATX,D,"$325,000.00","$335,000.00"
Micah,Burton,ATX,M,"$125,000.00","$136,000.00"
Mikkel,Desler,ATX,D,"$550,000.00","$550,000.00"
Myrto,Uzuni,ATX,F,"$1,600,000.00","$2,305,000.00"
Nicolás,Dubersarsky,ATX,M,"$325,000.00","$347,986.00"
Oleksandr,Svatok,ATX,D,"$575,000.00","$580,000.00"
Owen,Wolff,ATX,M,"$750,000.00","$750,000.00"
Riley,Thomas,ATX,D,"$88,025.00","$88,025.00"
Robert,Taylor,ATX,F,"$575,000.00","$633,333.00"
Žan,Kolmanič,ATX,D,"$375,000.00","$375,000.00"
Aleksandr,Guboglo,MTL,D,"$88,025.00","$93,714.00"
Bode,Hidalgo,MTL,D,"$290,000.00","$320,800.00"
Brandan,Craig,MTL,D,"$88,025.00","$97,830.00"
Brayan,Vera,MTL,D,"$650,000.00","$748,000.00"
Dagur Dan,Thórhallsson,MTL,D,"$480,000.00","$530,625.00"
Daniel,Ríos,MTL,F,"$225,000.00","$237,066.00"
Dawid,Bugaj,MTL,D,"$240,000.00","$267,600.00"
Efraín,Morales,MTL,D,"$400,000.00","$451,250.00"
Emil,Gazdov,MTL,GK,"$88,025.00","$96,172.00"
Fabian,Herbers,MTL,F,"$400,000.00","$440,000.00"
Félix,Samson,MTL,D,"$88,025.00","$91,740.00"
Gennadiy,Synchuk,MTL,F,"$600,000.00","$606,000.00"
Ivan,Losenko,MTL,M,"$210,000.00","$248,000.00"
Iván,Jaime,MTL,M,"$1,920,000.00","$2,111,200.00"
Jalen,Neal,MTL,D,"$675,000.00","$756,250.00"
Josh,Nteziryayo,MTL,M,"$88,025.00","$91,120.00"
Luca,Petrasso,MTL,D,"$119,600.00","$134,736.00"
Mahala,Opoku,MTL,F,"$583,333.00","$723,560.00"
Matty,Longstaff,MTL,M,"$416,000.00","$435,869.00"
Noah,Streit,MTL,F,"$400,000.00","$451,333.00"
Olger,Escobar,MTL,M,"$88,025.00","$93,421.00"
Owen,Graham-Roache,MTL,F,"$88,025.00","$93,915.00"
Prince,Owusu,MTL,F,"$1,300,000.00","$1,330,000.00"
Samsy,Keita,MTL,GK,"$88,025.00","$102,637.00"
Samuel,Piette,MTL,M,"$535,250.00","$621,016.00"
Sébastian,Breza,MTL,GK,"$113,400.00","$123,400.00"
Sunusi,Ibrahim,MTL,F,"$350,000.00","$410,000.00"
Thomas,Gillier,MTL,GK,"$445,000.00","$487,000.00"
Tomás,Avilés,MTL,D,"$495,000.00","$522,500.00"
Victor,Loturi,MTL,M,"$135,000.00","$146,500.00"
Wikelman,Carmona,MTL,M,"$550,000.00","$555,000.00"
Andrew,Johnson,CLT,D,"$88,025.00","$89,309.00"
Andrew,Privett,CLT,D,"$250,000.00","$281,400.00"
Archie,Goodwin,CLT,F,"$325,000.00","$366,187.00"
Ashley,Westwood,CLT,M,"$800,000.00","$833,333.00"
Baye,Coulibaly,CLT,M,"$300,000.00","$329,500.00"
Brandt,Bronico,CLT,M,"$500,000.00","$551,667.00"
Brian,Romero,CLT,F,"$175,000.00","$185,833.00"
Chituru,Odunze,CLT,GK,"$125,000.00","$138,508.00"
David,Schnegg,CLT,D,"$650,000.00","$756,250.00"
Djibril,Diani,CLT,M,"$350,000.00","$387,944.00"
Harry,Toffolo,CLT,D,"$900,000.00","$1,020,000.00"
Henry,Kessler,CLT,D,"$850,000.00","$965,525.00"
Idan,Toklomati,CLT,F,"$700,000.00","$781,500.00"
Isaac,Walker,CLT,GK,"$113,400.00","$121,376.00"
Jack,Neeley,CLT,D,"$140,000.00","$142,000.00"
Kerwin,Vargas,CLT,F,"$650,000.00","$733,750.00"
Kristijan,Kahlina,CLT,GK,"$775,000.00","$813,750.00"
Liel,Abada,CLT,F,"$2,500,000.00","$2,648,500.00"
Luca,de la Torre,CLT,M,"$1,457,386.00","$1,611,827.00"
Mikah,Thomas,CLT,D,"$88,025.00","$88,428.00"
Morrison,Agyemang,CLT,D,"$240,000.00","$262,080.00"
Nathan,Byrne,CLT,D,"$475,000.00","$498,750.00"
Nick,Holliday,CLT,GK,"$88,025.00","$88,025.00"
Nimfasha,Berchimas,CLT,F,"$150,000.00","$164,934.00"
Pep,Biel,CLT,M,"$2,775,000.00","$3,015,563.00"
Tim,Ream,CLT,D,"$1,000,000.00","$1,127,750.00"
Tyger,Smalls,CLT,F,"$113,400.00","$113,400.00"
Tyler,Miller,CLT,GK,"$226,800.00","$250,925.00"
Wilfried,Zaha,CLT,F,"$2,666,667.00","$2,751,667.00"
Will,Cleary,CLT,D,"$88,025.00","$89,309.00"
Rodolfo,Aloko,CLT,F,"$220,000.00","$251,667.00"
André,Franco,CHI,M,"$1,200,000.00","$1,306,771.00"
Andrew,Gutman,CHI,D,"$625,000.00","$625,000.00"
Anton,Salétros,CHI,M,"$700,000.00","$750,000.00"
Chris,Mueller,CHI,F,"$150,000.00","$186,600.00"
Chris,Brady,CHI,GK,"$250,000.00","$348,333.00"
Christopher,Cupps,CHI,D,"$113,400.00","$116,186.00"
David,Poreba,CHI,M,"$88,025.00","$98,858.00"
Dean,Boltz,CHI,F,"$88,025.00","$90,025.00"
Djé,D'Avilla,CHI,M,"$573,000.00","$685,486.00"
Dylan,Borso,CHI,F,"$113,400.00","$121,400.00"
Hugo,Cuypers,CHI,F,"$3,238,000.00","$3,528,044.00"
Jack,Elliott,CHI,D,"$960,511.00","$1,054,275.00"
Jason,Shokalook,CHI,F,"$88,025.00","$88,025.00"
Jeff,Gal,CHI,GK,"$150,000.00","$165,000.00"
Joel,Waterman,CHI,D,"$517,000.00","$598,150.00"
Jonathan,Dean,CHI,D,"$175,000.00","$210,700.00"
Jonathan,Bamba,CHI,F,"$5,000,000.00","$5,581,806.00"
Josh,Cohen,CHI,GK,"$165,000.00","$181,250.00"
Leonardo,Barroso,CHI,D,"$350,000.00","$395,500.00"
Maren,Haile-Selassie,CHI,M,"$444,000.00","$483,500.00"
Mauricio,Pineda,CHI,D,"$200,000.00","$320,157.00"
Mbekezeli,Mbokazi,CHI,D,"$593,000.00","$655,620.00"
Omari,Glasgow,CHI,M,"$113,400.00","$127,085.00"
Philip,Zinckernagel,CHI,F,"$1,455,125.00","$1,635,665.00"
Puso,Dithejane,CHI,F,"$250,000.00","$283,252.00"
Robert,Turdean,CHI,M,"$125,000.00","$157,927.00"
Robin,Lod,CHI,M,"$800,000.00","$866,667.00"
Sam,Williams,CHI,M,"$88,025.00","$99,354.00"
Sam,Rogers,CHI,D,"$200,000.00","$223,000.00"
Sergio,Oregel,CHI,M,"$350,000.00","$392,500.00"
Viktor,Radojević,CHI,D,"$350,000.00","$357,000.00"
Adam,Beaudry,COL,GK,"$113,400.00","$115,900.00"
Alex,Harris,COL,F,"$88,025.00","$90,025.00"
Alexis,Manyoma,COL,F,"$654,000.00","$711,750.00"
Ali,Fadal,COL,M,"$113,400.00","$113,400.00"
Bryce,Jamison,COL,F,"$113,400.00","$125,866.00"
Connor,Ronan,COL,M,"$510,000.00","$562,400.00"
Dante,Sealy,COL,F,"$150,000.00","$168,022.00"
Darren,Yapi,COL,F,"$795,000.00","$820,000.00"
Donavan,Phillip,COL,F,"$88,025.00","$88,025.00"
Georgi,Minoungou,COL,F,"$113,400.00","$113,400.00"
Hamzat,Ojediran,COL,M,"$800,000.00","$881,667.00"
Ian,Murphy,COL,D,"$400,000.00","$447,500.00"
Jackson,Travis,COL,D,"$125,000.00","$127,500.00"
Josh,Atencio,COL,M,"$462,500.00","$462,500.00"
Keegan,Rosenberry,COL,D,"$300,000.00","$300,000.00"
Kimani,Stewart-Baynes,COL,F,"$115,000.00","$116,000.00"
Kosi,Thompson,COL,D,"$140,000.00","$145,260.00"
Lucas,Herrington,COL,D,"$200,004.00","$235,004.00"
Mamadou Billo,Diop,COL,F,"$88,025.00","$88,025.00"
Miguel,Navarro,COL,D,"$498,000.00","$548,781.00"
Nicolas,Hansen,COL,GK,"$160,000.00","$160,000.00"
Noah,Cobb,COL,D,"$130,000.04","$130,000.04"
Paxten,Aaronson,COL,M,"$2,000,000.00","$2,228,063.00"
Rafael,Navarro Leal,COL,F,"$1,392,000.00","$1,449,600.00"
Reggie,Cannon,COL,D,"$750,000.00","$841,500.00"
Rob,Holding,COL,D,"$1,200,000.00","$1,200,000.00"
Sydney,Wathuta,COL,M,"$88,025.00","$88,025.00"
Theodore,Ku-DiPietro,COL,M,"$500,000.00","$556,000.00"
Wayne,Frederick,COL,M,"$113,400.00","$113,400.00"
Zack,Steffen,COL,GK,"$1,100,000.00","$1,100,000.00"
Amar,Sejdić,CLB,M,"$200,000.00","$214,550.00"
André,Gomes,CLB,M,"$875,000.00","$971,944.00"
Andrés,Herrera,CLB,D,"$650,000.00","$727,632.00"
Cesar,Ruvalcaba,CLB,D,"$113,400.00","$113,400.00"
Chase,Adams,CLB,F,"$88,025.00","$114,303.00"
Cole,Mrowka,CLB,M,"$113,400.00","$133,408.00"
Dániel,Gazdag,CLB,M,"$2,049,996.00","$2,647,635.00"
Diego,Rossi,CLB,M,"$2,775,000.00","$3,476,827.00"
Dylan,Chambost,CLB,M,"$600,000.00","$695,250.00"
Evan,Bush,CLB,GK,"$113,400.00","$113,400.00"
Hugo,Picard,CLB,M,"$725,000.00","$781,244.00"
Jamal,Thiaré,CLB,F,"$500,000.00","$530,000.00"
Luke,Pruter,CLB,GK,"$113,400.00","$113,400.00"
Malte,Amundsen,CLB,D,"$675,000.00","$747,500.00"
Max,Arfsten,CLB,F,"$800,000.00","$895,000.00"
Mohamed,Farsi,CLB,M,"$500,000.00","$530,000.00"
Nariman,Akhundzada,CLB,F,"$550,000.00","$633,389.00"
Nicholas,Hagen,CLB,GK,"$165,000.00","$183,600.00"
Owen,Presthus,CLB,D,"$88,025.00","$94,216.00"
Patrick,Schulte,CLB,GK,"$900,000.00","$1,032,083.00"
Quinton,Elliot,CLB,M,"$88,025.00","$92,668.00"
Rudy,Camacho,CLB,D,"$350,000.00","$415,000.00"
Sean,Zawadzki,CLB,M,"$800,000.00","$900,500.00"
Sekou,Bangoura,CLB,M,"$450,000.00","$542,167.00"
Stanislav,Lapkes,CLB,GK,"$95,400.00","$114,490.00"
Steven,Moreira,CLB,D,"$840,000.00","$922,000.00"
Taha,Habroune,CLB,M,"$140,000.00","$152,000.00"
Tristan,Brown,CLB,D,"$88,025.00","$92,389.00"
Wessam,Abou Ali,CLB,F,"$2,775,000.00","$3,611,750.00"
Yevgen,Cheberko,CLB,D,"$610,000.00","$658,250.00"
Zach,Zengue,CLB,M,"$88,025.00","$88,025.00"
Aarón,Herrera,DC,D,"$850,000.00","$945,220.00"
Alex,Bono,DC,GK,"$250,000.00","$262,500.00"
Brandon,Servania,DC,M,"$275,000.00","$303,722.00"
Caden,Clark,DC,M,"$400,000.00","$432,000.00"
Conner,Antley,DC,D,"$120,000.00","$121,667.00"
Gabriel,Segal,DC,F,"$113,400.00","$113,400.00"
Gabriel,Cordeiro Pirani,DC,M,"$800,000.00","$866,700.00"
Garrison,Tubbs,DC,D,"$113,400.00","$113,400.00"
Gavin,Turner,DC,M,"$88,025.00","$110,259.00"
Grant,Leveille,DC,GK,"$88,025.00","$96,750.00"
Hakim,Karamoko,DC,F,"$88,025.00","$88,025.00"
Hosei,Kijima,DC,M,"$113,400.00","$113,400.00"
Jackson,Hopkins,DC,M,"$157,500.00","$157,833.00"
Jacob,Murrell,DC,F,"$113,400.00","$113,400.00"
Jared,Stroud,DC,F,"$425,000.00","$467,500.00"
João Gabriel,Martins Peglow,DC,F,"$375,000.00","$626,312.00"
Joon-hong,Kim,DC,GK,"$250,000.00","$349,880.00"
Jordan,Farr,DC,GK,"$113,400.00","$118,400.00"
Keisuke,Kurokawa,DC,D,"$550,000.00","$615,500.00"
Kye,Rowles,DC,D,"$550,000.00","$751,667.00"
Louis,Munteanu,DC,F,"$1,190,000.00","$1,634,100.00"
Lucas,Bartlett,DC,D,"$525,000.00","$585,625.00"
Matti,Peltola,DC,M,"$800,000.00","$876,000.00"
Nikola,Marković,DC,D,"$88,025.00","$93,858.00"
Oscar,Avilez,DC,F,"$88,025.00","$108,966.00"
Richie,Aman,DC,M,"$88,025.00","$89,025.00"
Sean,Johnson,DC,GK,"$883,475.00","$883,475.00"
Sean,Nealis,DC,D,"$650,000.00","$723,750.00"
Silvan,Hefti,DC,D,"$370,000.00","$434,833.00"
Tai,Baribo,DC,F,"$2,100,000.00","$2,349,000.00"
Ademar,Chávez,CIN,M,"$88,025.00","$113,840.00"
Alvas,Powell,CIN,D,"$285,000.00","$325,750.00"
Andrei,Chirilă,CIN,D,"$88,025.00","$98,373.00"
Ayoub,Jabbari,CIN,F,"$420,000.00","$474,800.00"
Brian,Schaefer,CIN,D,"$113,400.00","$120,067.00"
Bryan,Ramírez,CIN,F,"$435,000.00","$684,100.00"
Ender,Echenique,CIN,F,"$356,400.00","$446,580.00"
Evan,Louro,CIN,GK,"$237,500.00","$259,635.00"
Evander,da Silva Ferreira,CIN,M,"$3,200,000.00","$4,736,411.00"
Fabian,Mrozek,CIN,GK,"$113,400.00","$150,900.00"
Gerardo,Valenzuela,CIN,M,"$125,000.00","$142,542.00"
Gilberto,Flores,CIN,D,"$390,000.00","$436,672.00"
Kenji,Mboma Dem,CIN,F,"$88,025.00","$88,025.00"
Kévin,Denkey,CIN,F,"$3,800,000.00","$3,810,000.00"
Kristian,Fletcher,CIN,F,"$113,400.00","$126,733.00"
Kyle,Smith,CIN,D,"$113,400.00","$118,400.00"
Matt,Miazga,CIN,D,"$1,639,000.00","$1,639,000.00"
Miles,Robinson,CIN,D,"$3,500,000.00","$3,950,000.00"
Nick,Hagglund,CIN,D,"$113,400.00","$130,067.00"
Obinna,Nwobodo,CIN,M,"$1,500,000.00","$1,849,724.00"
Paul,Walters,CIN,GK,"$113,400.00","$121,367.00"
Pavel,Bucha,CIN,M,"$499,992.00","$548,774.00"
Roman,Celentano,CIN,GK,"$525,000.00","$574,000.00"
Samuel,Gidi,CIN,M,"$600,000.00","$671,050.00"
Ștefan,Chirilă,CIN,F,"$113,400.00","$128,180.00"
Stiven,Jimenez,CIN,M,"$113,400.00","$113,400.00"
Tah,Anunga,CIN,M,"$250,000.00","$262,500.00"
Teenage,Hadebe,CIN,D,"$1,080,000.00","$1,230,000.00"
Tom,Barlow,CIN,F,"$113,400.00","$121,733.00"
Álvaro,Augusto,DAL,D,"$113,400.00","$125,518.00"
Anderson,Julio,DAL,F,"$750,000.00","$820,000.00"
Bernard,Kamungo,DAL,F,"$250,000.00","$281,000.00"
Brooks,Thompson,DAL,GK,"$113,400.00","$113,400.00"
Caleb,Swann,DAL,M,"$88,025.00","$88,025.00"
Christian,Cappis,DAL,M,"$352,000.00","$352,000.00"
Daniel,Baran,DAL,F,"$88,025.00","$102,241.00"
Diego,García,DAL,M,"$88,025.00","$101,666.00"
Enes,Sali,DAL,F,"$350,000.00","$395,000.00"
Enzo,Newman,DAL,D,"$88,025.00","$88,025.00"
Geovane,de Jesus Rocha,DAL,D,"$400,000.00","$447,000.00"
Herman,Johansson,DAL,M,"$600,000.00","$740,000.00"
Jaidyn,Contreras,DAL,F,"$88,025.00","$88,025.00"
Joaquín,Valiente,DAL,M,"$400,000.00","$442,022.00"
Jonathan,Sirois,DAL,GK,"$250,000.00","$267,625.00"
Joshua,Torquato,DAL,D,"$88,025.00","$96,025.00"
Kaick,da Silva Ferreira,DAL,M,"$200,000.00","$251,900.00"
Kaka,Scabin,DAL,D,"$88,025.00","$88,025.00"
Lalas,Abubakar,DAL,D,"$460,000.00","$495,000.00"
Logan,Farrington,DAL,F,"$350,000.00","$417,000.00"
Louicius,Deedson,DAL,F,"$400,000.00","$450,319.00"
Michael,Collodi,DAL,GK,"$113,400.00","$125,825.00"
Nicholas,Simmonds,DAL,F,"$88,025.00","$102,704.00"
Nolan,Norris,DAL,D,"$200,000.00","$218,642.00"
Osaze,Urhoghide,DAL,D,"$580,000.00","$643,982.00"
Patrickson,Delgado,DAL,M,"$260,000.00","$286,280.00"
Petar,Musa,DAL,F,"$2,450,000.00","$2,880,000.00"
Ramiro,Moschen Benetti,DAL,M,"$575,000.00","$575,000.00"
Ran,Binyamin,DAL,M,"$275,000.00","$302,083.00"
Ricky,Louis,DAL,F,"$88,025.00","$88,858.00"
Sam,Sarver,DAL,F,"$113,400.00","$113,400.00"
Santiago,Moreno,DAL,F,"$803,125.00","$938,387.00"
Sebastien,Ibeagha,DAL,D,"$730,000.00","$793,625.00"
Shaq,Moore,DAL,D,"$800,000.00","$870,000.00"
Slade,Starnes,DAL,D,"$88,025.00","$93,472.00"
Tsiki,Ntsabeleng,DAL,M,"$230,000.00","$257,000.00"
Agustin,Resch,HOU,D,"$88,025.00","$88,025.00"
Agustín,Bouzat,HOU,M,"$624,996.00","$705,746.00"
Antônio Carlos,Cunha Capocasali Junior,HOU,D,"$750,000.00","$832,676.00"
Blake,Gillingham,HOU,GK,"$88,025.00","$88,025.00"
Diadié,Samassékou,HOU,M,"$714,996.00","$771,871.00"
Duane,Holmes,HOU,M,"$550,000.00","$628,000.00"
Erik,Sviatchenko,HOU,D,"$850,000.00","$925,000.00"
Exon,Arzú,HOU,F,"$113,400.00","$117,998.00"
Ezequiel,Ponce,HOU,F,"$2,738,012.00","$3,000,212.00"
Felipe,de Andrade Vieira,HOU,D,"$225,000.00","$252,500.00"
Franco,Negri,HOU,D,"$113,400.00","$115,605.00"
Guilherme Augusto,Vieira dos Santos,HOU,F,"$1,528,572.00","$1,925,230.00"
Héctor,Herrera,HOU,M,"$525,000.00","$568,750.00"
Ibrahim,Aliyu,HOU,F,"$525,000.00","$576,379.00"
Jack,McGlynn,HOU,M,"$776,000.00","$910,320.00"
Jimmy,Maurer,HOU,GK,"$225,000.00","$225,000.00"
Jonathan,Bond,HOU,GK,"$750,000.00","$809,704.00"
José Artur,de Lima Júnior,HOU,M,"$875,004.00","$958,379.00"
Lawrence,Ennali,HOU,F,"$500,000.00","$574,250.00"
Logan,Erb,HOU,GK,"$88,025.00","$93,373.00"
Lucas,Halter,HOU,D,"$1,265,004.00","$1,416,921.00"
Mateusz,Bogusz,HOU,M,"$2,349,996.00","$2,521,048.00"
Matthew,Arana,HOU,M,"$88,025.00","$101,986.00"
Nick,Markanich,HOU,F,"$184,962.00","$202,778.00"
Ondrej,Lingr,HOU,M,"$849,996.00","$938,074.00"
Reese,Miller,HOU,D,"$88,025.00","$92,668.00"
Sam,Vines,HOU,D,"$900,000.00","$912,500.00"
Sebastián,Rodríguez,HOU,M,"$88,025.00","$96,675.00"
Toyosi,Olusanya,HOU,F,"$418,000.00","$463,219.00"
Alexander,Shaw,MIA,M,"$88,025.00","$88,025.00"
Dániel,Pintér,MIA,F,"$88,025.00","$88,025.00"
David,Ruíz,MIA,M,"$200,000.00","$231,887.00"
David,Ayala,MIA,M,"$650,000.00","$771,000.00"
Dayne,St. Clair,MIA,GK,"$745,313.00","$808,730.00"
Ezequiel,Abadia-Reda,MIA,D,"$88,025.00","$88,025.00"
Facundo,Mura,MIA,D,"$850,000.00","$1,026,875.00"
Germán,Berterame,MIA,F,"$2,800,000.00","$3,824,200.00"
Gonzalo,Luján,MIA,D,"$630,000.00","$921,750.00"
Ian,Fray,MIA,D,"$375,000.00","$429,000.00"
Israel,Boatwright,MIA,D,"$113,400.00","$115,400.00"
Lionel,Messi,MIA,F,"$25,000,000.00","$28,333,333.00"
Luis,Barraza,MIA,GK,"$113,400.00","$120,900.00"
Luis,Suárez,MIA,F,"$803,125.00","$803,125.00"
Mateo,Silvetti,MIA,F,"$550,000.00","$607,078.00"
Maximiliano,Falcón,MIA,D,"$600,000.00","$674,250.00"
Micael,dos Santos Silva,MIA,D,"$750,000.00","$892,440.00"
Noah,Allen,MIA,D,"$375,000.00","$434,653.00"
Rocco,Ríos Novo,MIA,GK,"$200,000.00","$224,100.00"
Rodrigo,De Paul,MIA,M,"$7,569,000.00","$9,688,320.00"
Santiago,Morales,MIA,M,"$130,000.00","$138,333.00"
Sergio,Reguilón,MIA,D,"$1,700,000.00","$1,800,000.00"
Tadeo,Allende,MIA,F,"$625,000.00","$1,000,000.00"
Telasco,Segovia,MIA,M,"$325,000.00","$360,000.00"
Tyler,Hall,MIA,D,"$113,400.00","$113,400.00"
Yannick,Bright,MIA,M,"$385,000.00","$464,192.00"
Benja,Cremaschi,MIA,M,"$425,000.00","$527,500.00"
Ascel,Essengue,LA,D,"$88,025.00","$88,025.00"
Brady,Scott,LA,GK,"$113,400.00","$113,400.00"
Carlos,Garcés,LA,D,"$480,000.00","$518,000.00"
Chris,Rindov,LA,D,"$113,400.00","$122,150.00"
Edwin,Cerrillo,LA,M,"$650,000.00","$662,500.00"
Elijah,Wynder,LA,M,"$325,000.00","$352,208.00"
Erik,Thommy,LA,M,"$600,000.00","$706,667.00"
Gabriel,Fortes Chaves,LA,F,"$1,680,000.00","$2,459,000.00"
Gino,Vivi,LA,F,"$113,400.00","$113,400.00"
Harbor,Miller,LA,D,"$88,025.00","$88,025.00"
Isaiah,Parente,LA,M,"$113,400.00","$113,400.00"
Jakob,Glesnes,LA,D,"$826,087.00","$1,268,503.00"
João,Klauss de Mello,LA,F,"$2,187,500.00","$2,915,000.00"
John,Nelson,LA,D,"$350,000.00","$350,000.00"
Joseph,Paintsil,LA,F,"$3,456,000.00","$4,502,000.00"
JT,Marcinkowski,LA,GK,"$302,000.00","$302,000.00"
Julián,Aude,LA,D,"$375,000.00","$385,000.00"
Justin,Haak,LA,D,"$752,841.00","$810,561.00"
Lucas,Sanabria,LA,M,"$640,000.00","$742,800.00"
Marco,Reus,LA,M,"$604,364.00","$902,364.00"
Matheus,Nascimento de Paula,LA,F,"$650,000.00","$707,000.00"
Mauricio,Cuevas,LA,D,"$250,000.00","$268,500.00"
Maya,Yoshida,LA,D,"$640,000.00","$715,781.00"
Miki,Yamane,LA,D,"$850,000.00","$916,667.00"
Novak,Mićović,LA,GK,"$200,000.00","$200,000.00"
Ricard,Puig Martí,LA,M,"$5,125,000.00","$5,792,188.00"
Riley,Dalgado,LA,D,"$88,025.00","$88,025.00"
Rubén,Ramos,LA,M,"$113,400.00","$113,400.00"
Tucker,Lepley,LA,M,"$113,400.00","$115,086.00"
Aaron,Long,LAFC,D,"$445,000.00","$1,050,000.00"
Adrian,Wibowo,LAFC,F,"$113,400.00","$113,400.00"
Amin,Boudri,LAFC,M,"$650,000.00","$742,000.00"
Artem,Smolyakov,LAFC,D,"$550,000.00","$613,297.00"
Cabral,Carter,LAFC,GK,"$88,025.00","$91,775.00"
Christian,Díaz,LAFC,D,"$88,025.00","$88,025.00"
David,Martínez,LAFC,F,"$550,000.00","$550,000.00"
Denis,Bouanga,LAFC,F,"$4,000,000.00","$4,939,217.00"
Eddie,Segura,LAFC,D,"$722,500.00","$722,500.00"
Heung-min,Son,LAFC,F,"$10,368,750.00","$11,152,852.00"
Hugo,Lloris,LAFC,GK,"$800,000.00","$800,000.00"
Igor,Jesus Lima,LAFC,M,"$625,000.00","$691,684.00"
Jacob,Shaffelburg,LAFC,F,"$475,000.00","$520,000.00"
Jeremy,Ebobisse,LAFC,F,"$722,500.00","$722,500.00"
Jude,Terry,LAFC,M,"$113,400.00","$149,798.00"
Kenny,Nielsen,LAFC,D,"$88,025.00","$88,025.00"
Lorenzo,Dellavalle,LAFC,D,"$113,400.00","$117,150.00"
Mark,Delgado,LAFC,M,"$1,055,000.00","$1,055,000.00"
Mathieu,Choinière,LAFC,M,"$725,000.00","$725,000.00"
Matt,Evans,LAFC,M,"$88,025.00","$88,025.00"
Nathan,Ordaz,LAFC,F,"$500,000.00","$545,000.00"
Nkosi,Tafari,LAFC,D,"$481,500.00","$481,500.00"
Ryan,Hollingshead,LAFC,D,"$550,000.00","$550,000.00"
Ryan,Raposo,LAFC,M,"$220,000.00","$220,000.00"
Ryan,Porteous,LAFC,D,"$725,000.00","$760,260.00"
Sergi,Palencia,LAFC,D,"$725,000.00","$745,000.00"
Stephen,Eustaquio,LAFC,M,"$1,800,000.00","$1,800,000.00"
Thomas,Hasal,LAFC,GK,"$200,000.00","$210,133.00"
Timothy,Tillman,LAFC,M,"$825,000.00","$881,400.00"
Tyler,Boyd,LAFC,F,"$1,430,000.00","$1,435,000.00"
Alec,Smir,MNUFC,GK,"$113,400.00","$113,400.00"
Anthony,Markanich Jr.,MNUFC,D,"$350,000.00","$395,700.00"
Bongokuhle,Hlongwane,MNUFC,F,"$1,000,000.00","$1,142,500.00"
Carlos,Harvey,MNUFC,M,"$285,000.00","$317,063.00"
D.J.,Taylor,MNUFC,D,"$210,000.00","$240,117.00"
Darius,Randell,MNUFC,F,"$88,025.00","$98,419.00"
Devin,Padelford,MNUFC,D,"$160,000.00","$179,500.00"
Dominik,Fitz,MNUFC,M,"$890,000.00","$893,000.00"
Drake,Callender,MNUFC,GK,"$450,000.00","$505,917.00"
James,Rodríguez,MNUFC,M,"$684,000.00","$684,000.00"
Jefferson,Díaz,MNUFC,D,"$435,000.00","$435,000.00"
Joaquín,Pereyra,MNUFC,M,"$900,000.00","$1,089,000.00"
Jordan,Adebayo-Smith,MNUFC,F,"$113,400.00","$130,620.00"
Julian,Gressel,MNUFC,M,"$1,204,005.00","$1,204,005.00"
Kelvin,Yeboah,MNUFC,F,"$1,360,000.00","$1,562,700.00"
Kenyel,Michel,MNUFC,F,"$113,400.00","$113,400.00"
Kieran,Chandler,MNUFC,D,"$88,025.00","$88,025.00"
Kyle,Duncan,MNUFC,D,"$400,000.00","$437,889.00"
Mamadou,Dieng,MNUFC,F,"$88,025.00","$91,172.00"
Marcus,Caldeira,MNUFC,F,"$88,025.00","$88,025.00"
Mauricio,González,MNUFC,F,"$240,000.00","$240,000.00"
Michael,Boxall,MNUFC,D,"$800,000.00","$927,500.00"
Morris,Duggan,MNUFC,D,"$113,400.00","$113,400.00"
Nectarios,Triantis,MNUFC,M,"$670,000.00","$732,665.00"
Nicolás,Romero,MNUFC,D,"$455,000.00","$492,500.00"
Owen,Gene,MNUFC,M,"$420,000.00","$450,100.00"
Peter,Stroud,MNUFC,M,"$185,000.00","$223,083.00"
Tomás,Chancalay,MNUFC,F,"$1,150,000.00","$1,274,375.00"
Wil,Trapp,MNUFC,M,"$550,000.00","$602,500.00"
Britton,Fischer,MNUFC,D,"$88,025.00","$88,025.00"
Ho-yeon,Jung,MNUFC,M,"$131,000.00","$168,039.00"
Kayne,Rizvanovich,MNUFC,GK,"$88,025.00","$90,347.00"
Matus,Kmet,MNUFC,D,"$210,000.00","$227,469.00"
Wessel,Speel,MNUFC,GK,"$113,400.00","$113,400.00"
Dominique,Badji,MLS,F,"$400,000.00","$435,000.00"
Nelson,Quiñónes,MLS,F,"$276,996.00","$297,890.00"
Paxton,Pomykal,MLS,M,"$1,200,000.00","$1,308,000.00"
Joakim,Nilsson,MLS,D,"$1,221,175.00","$1,289,675.00"
Jonathan,Rodríguez,MLS,F,"$2,050,000.00","$2,902,500.00"
Adem,Sipic,NSH,F,"$113,400.00","$142,226.00"
Ahmed,Qasem,NSH,F,"$650,000.00","$650,000.00"
Alex,Muyl,NSH,F,"$655,000.00","$655,000.00"
Andy,Nájar,NSH,D,"$550,000.00","$603,333.00"
Brian,Schwake,NSH,GK,"$150,000.00","$166,800.00"
Bryan,Acosta,NSH,M,"$185,000.00","$200,500.00"
Charles-Emile,Brunet,NSH,M,"$88,025.00","$88,025.00"
Christopher,Applewhite,NSH,D,"$88,025.00","$97,470.00"
Cristian,Espinoza,NSH,F,"$1,958,333.00","$2,343,567.00"
Daniel,Lovitz,NSH,D,"$410,000.00","$427,500.00"
Edvard,Tagseth,NSH,M,"$720,000.00","$736,667.00"
Hany,Mukhtar,NSH,M,"$4,000,000.00","$5,411,667.00"
Isaiah,LeFlore,NSH,D,"$88,025.00","$88,025.00"
Isaiah,Jones,NSH,M,"$113,400.00","$117,400.00"
Jack,Maher,NSH,D,"$900,000.00","$995,467.00"
Jeisson,Palacios,NSH,D,"$700,000.00","$1,097,500.00"
Joe,Willis,NSH,GK,"$200,000.00","$216,000.00"
Jordan,Knight,NSH,D,"$88,025.00","$93,858.00"
Josh,Bauer,NSH,D,"$230,000.00","$253,667.00"
Malachi,Molina,NSH,D,"$88,025.00","$100,741.00"
Matthew,Corcoran,NSH,M,"$113,400.00","$135,668.00"
Maxwell,Woledzi,NSH,D,"$650,000.00","$667,500.00"
Patrick,Yazbek,NSH,M,"$500,000.00","$616,013.00"
Reed,Baker-Whiting,NSH,D,"$275,000.00","$283,000.00"
Sam,Surridge,NSH,F,"$5,280,000.00","$5,933,000.00"
Shakur,Mohammed,NSH,F,"$88,025.00","$89,692.00"
Thomas,Williams,NSH,D,"$150,000.00","$163,875.00"
Warren,Madrigal,NSH,F,"$350,000.00","$403,500.00"
Woobens,Pacius,NSH,F,"$113,400.00","$113,400.00"
Xavier,Valdez,NSH,GK,"$88,025.00","$98,025.00"
Alhassan,Yusuf,NE,M,"$900,000.00","$995,311.00"
Allan,Oyirwoth,NE,M,"$125,000.00","$141,000.00"
Andrew,Farrell,NE,D,"$113,400.00","$113,400.00"
Brayan,Ceballos,NE,D,"$775,000.00","$855,625.00"
Brooklyn,Raines,NE,M,"$400,000.00","$443,250.00"
Carles,Gil,NE,M,"$4,500,000.00","$4,952,083.00"
Cristiano,Oliveira,NE,M,"$88,025.00","$99,025.00"
Damario,McIntosh,NE,D,"$113,400.00","$122,349.00"
Diego,Fagúndez,NE,F,"$300,000.00","$316,250.00"
Donovan,Parisian,NE,GK,"$88,025.00","$88,025.00"
Dor,Turgeman,NE,F,"$800,000.00","$800,000.00"
Eric,Klein,NE,D,"$88,025.00","$94,302.00"
Ethan,Kohler,NE,D,"$280,000.00","$308,800.00"
Griffin,Yow,NE,F,"$675,000.00","$810,875.00"
Ilay,Feingold,NE,D,"$575,000.00","$575,000.00"
Jack,Panayotou,NE,M,"$140,000.00","$142,000.00"
Jackson,Yueill,NE,M,"$1,141,087.00","$1,141,087.00"
JD,Gunn,NE,GK,"$113,400.00","$116,181.00"
Keegan,Hughes,NE,D,"$113,400.00","$113,400.00"
Leonardo,Campana,NE,F,"$1,494,992.00","$1,617,325.00"
Luca,Langoni,NE,F,"$715,000.00","$787,283.00"
Malcolm,Fry,NE,F,"$113,400.00","$118,960.00"
Mamadou,Fofana,NE,D,"$800,000.00","$916,250.00"
Marcos,Zambrano,NE,F,"$113,400.00","$135,659.00"
Matt,Turner,NE,GK,"$1,776,136.32","$1,942,886.32"
Matt,Polster,NE,M,"$675,000.00","$733,333.00"
Peyton,Miller,NE,D,"$113,400.00","$115,400.00"
Santiago,Suárez,NE,D,"$120,000.00","$133,222.00"
Tanner,Beason,NE,D,"$350,000.00","$350,000.00"
Will,Sands,NE,D,"$325,000.00","$333,333.00"
Agustín,Ojeda,NYC,F,"$540,000.00","$607,833.00"
Aiden,O'Neill,NYC,M,"$600,000.00","$630,938.00"
Alonso,Martínez,NYC,F,"$750,000.00","$850,333.00"
Andrés,Perea,NYC,M,"$695,000.00","$757,000.00"
Cooper,Flax,NYC,F,"$88,025.00","$88,025.00"
Drew,Baiera,NYC,D,"$113,400.00","$119,336.00"
Greg,Ranjitsingh,NYC,GK,"$113,400.00","$113,400.00"
Hannes,Wolf,NYC,F,"$1,400,000.00","$1,510,000.00"
Jacob,Arroyave,NYC,M,"$113,400.00","$126,398.00"
James,Sands,NYC,M,"$1,250,000.00","$1,318,750.00"
Jonathan,Shore,NYC,M,"$113,400.00","$125,900.00"
Jovan,Mijatovic,NYC,F,"$700,000.00","$737,500.00"
Julián,Fernández,NYC,F,"$720,000.00","$784,300.00"
Kai,Trewin,NYC,M,"$275,000.00","$311,542.00"
Kamran,Acito,NYC,D,"$88,025.00","$88,025.00"
Keaton,Parks,NYC,M,"$1,000,000.00","$1,130,000.00"
Kevin,O'Toole,NYC,D,"$300,000.00","$323,333.00"
Kevin,Pierre Jr.,NYC,M,"$88,025.00","$90,226.00"
Mac,Learned,NYC,GK,"$88,025.00","$88,025.00"
Malachi,Jones,NYC,F,"$113,400.00","$113,400.00"
Matt,Freese,NYC,GK,"$675,000.00","$795,833.00"
Max,Murray,NYC,D,"$88,025.00","$89,873.00"
Maxi,Moralez,NYC,M,"$480,000.00","$500,000.00"
Máximo,Carrizo,NYC,M,"$150,000.00","$183,523.00"
Mitja,Ilenic,NYC,M,"$300,000.00","$391,700.00"
Nico,Cavallo,NYC,D,"$113,400.00","$115,248.00"
Nicolás,Fernández Mercau,NYC,F,"$3,650,000.00","$3,650,000.00"
Peter,Molinari,NYC,M,"$88,025.00","$92,654.00"
Raul Gustavo,Pereira Bicalho,NYC,D,"$720,000.00","$812,960.00"
Seymour,Reid,NYC,F,"$88,025.00","$102,840.00"
Strahinja,Tanasijević,NYC,D,"$300,000.00","$368,750.00"
Talles Magno,Bacelar Martins,NYC,F,"$1,250,000.00","$1,365,000.00"
Tayvon,Gray,NYC,D,"$550,000.00","$664,000.00"
Thiago,Martins,NYC,D,"$1,800,000.00","$2,262,000.00"
Tomás,Romero,NYC,GK,"$113,400.00","$113,400.00"
Zidane,Yáñez,NYC,F,"$113,400.00","$117,567.00"
Adri,Mehmeti,RBNY,M,"$113,400.00","$158,980.00"
Aidan,Stokes,RBNY,GK,"$113,400.00","$130,168.00"
Aiden,Jarvis,RBNY,M,"$88,025.00","$105,110.00"
AJ,Marcucci,RBNY,GK,"$205,000.00","$230,060.00"
Andy,Rojas,RBNY,F,"$185,000.00","$213,131.00"
Cade,Cowell,RBNY,F,"$900,000.00","$1,182,500.00"
Cameron,Harper,RBNY,F,"$390,000.00","$431,750.00"
Dennis,Gjengaar,RBNY,F,"$380,000.00","$438,769.00"
Dylan,Nealis,RBNY,D,"$412,500.00","$412,500.00"
Emil,Forsberg,RBNY,F,"$5,405,000.00","$6,035,625.00"
Eric-Maxim,Choupo-Moting,RBNY,F,"$3,200,000.00","$3,530,667.00"
Ethan,Horvath,RBNY,GK,"$424,992.00","$524,909.00"
Gustav,Berggren,RBNY,M,"$1,200,000.00","$1,310,000.00"
Jahkeele,Marshall-Rutty,RBNY,D,"$425,000.00","$473,750.00"
John,McCarthy,RBNY,GK,"$525,000.00","$589,167.00"
Jorge,Ruvalcaba,RBNY,F,"$720,000.00","$788,528.00"
Juan,Mina,RBNY,D,"$175,000.00","$190,432.00"
Julian,Hall,RBNY,F,"$175,000.00","$257,241.00"
Justin,Che,RBNY,D,"$440,000.00","$501,667.00"
Marcelo,Morales,RBNY,D,"$325,000.00","$472,375.00"
Matthew,Dos Santos,RBNY,D,"$88,025.00","$104,756.00"
Mohammed,Sofo,RBNY,F,"$150,000.00","$208,000.00"
Nehuen,Benedetti,RBNY,M,"$160,000.00","$194,800.00"
Omar,Valencia,RBNY,D,"$130,000.00","$142,375.00"
Rafael,Mosquera,RBNY,F,"$88,025.00","$99,925.00"
Roald,Mitchell,RBNY,F,"$125,000.00","$145,408.00"
Robert,Voloder,RBNY,D,"$575,000.00","$685,250.00"
Ronald,Donkor,RBNY,M,"$150,000.00","$175,400.00"
Serge,Ngoma,RBNY,F,"$205,000.00","$233,700.00"
Tanner,Rosborough,RBNY,F,"$88,025.00","$105,043.00"
Tim,Parker,RBNY,D,"$350,000.00","$387,500.00"
Tobias,Szewczyk,RBNY,GK,"$88,025.00","$110,640.00"
Wiktor,Bogacz,RBNY,F,"$420,000.00","$546,240.00"
Julián,Bazán,RBNY,D,"$274,992.00","$312,825.00"
Joyeux,Masanka Bungi,RBNY,M,"$210,000.00","$222,500.00"
Adrián,Marín,ORL,D,"$525,000.00","$577,972.00"
Braian,Ojeda,ORL,M,"$725,000.00","$910,500.00"
Colin,Guske,ORL,M,"$88,025.00","$98,830.00"
David,Brekalo,ORL,D,"$600,000.00","$683,000.00"
Duncan,McGuire,ORL,F,"$600,000.00","$921,000.00"
Eduard,Atuesta,ORL,M,"$687,500.00","$825,250.00"
Griffin,Dorsey,ORL,D,"$700,000.00","$767,891.00"
Gustavo,Caraballo,ORL,F,"$88,025.00","$94,400.00"
Harvey,Sarajian,ORL,F,"$88,025.00","$88,025.00"
Iago Teodoro,da Silva Nogueira,ORL,D,"$500,000.00","$551,875.00"
Iván,Angulo,ORL,F,"$549,996.00","$582,656.00"
Javier,Otero,ORL,GK,"$160,000.00","$163,750.00"
Joran,Gerbet,ORL,M,"$113,400.00","$113,400.00"
Justin,Ellis,ORL,F,"$88,025.00","$112,424.00"
Luis Otávio,Costa de Aquino,ORL,M,"$500,000.00","$569,000.00"
Marco,Pašalić,ORL,F,"$1,600,000.00","$1,650,667.00"
Martín,Ojeda,ORL,M,"$1,600,000.00","$1,778,200.00"
Maxime,Crépeau,ORL,GK,"$600,000.00","$600,000.00"
Nicolás,Rodríguez,ORL,F,"$210,000.00","$230,500.00"
Nolan,Miller,ORL,D,"$88,025.00","$88,025.00"
Robin,Jansson,ORL,D,"$500,000.00","$530,000.00"
Tahir,Reid-Brown,ORL,D,"$125,000.00","$139,508.00"
Tiago,Souza de Jesus Carvalho,ORL,F,"$500,000.00","$600,250.00"
Tyrese,Spicer,ORL,F,"$275,000.00","$311,875.00"
Wilder,Cartagena,ORL,M,"$480,000.00","$530,250.00"
Yutaro,Tsukada,ORL,F,"$113,400.00","$113,400.00"
Zakaria,Taifi,ORL,D,"$88,025.00","$99,923.00"
Agustín,Anello,PHI,F,"$500,000.00","$539,630.00"
Alejandro,Bedoya,PHI,M,"$113,400.00","$226,800.00"
Andre,Blake,PHI,GK,"$1,000,000.00","$1,181,250.00"
Andrew,Rick,PHI,GK,"$113,400.00","$123,315.00"
Ben,Bender,PHI,M,"$140,000.00","$149,667.00"
Bruno,Damiani,PHI,F,"$720,000.00","$847,600.00"
Cavan,Sullivan,PHI,M,"$450,000.00","$614,000.00"
CJ,Olney Jr.,PHI,M,"$113,400.00","$127,065.00"
Danley,Jean Jacques,PHI,M,"$650,000.00","$702,500.00"
Eddy,Davis III,PHI,F,"$113,400.00","$115,400.00"
Ezekiel,Alladoh,PHI,F,"$450,000.00","$540,000.00"
Finn,Sundstrom,PHI,D,"$88,025.00","$102,285.00"
Frankie,Westfield,PHI,D,"$113,400.00","$125,285.00"
Geiner,Martínez,PHI,D,"$200,000.00","$360,204.00"
George,Marks,PHI,GK,"$125,000.00","$132,125.00"
Indiana,Vassilev,PHI,F,"$600,000.00","$665,000.00"
Japhet,Sery Larsen,PHI,D,"$600,000.00","$675,300.00"
Jeremy,Rafanello,PHI,M,"$165,000.00","$186,125.00"
Jesús,Bueno,PHI,M,"$325,000.00","$359,125.00"
Jovan,Lukić,PHI,M,"$395,000.00","$441,375.00"
Kaiden,Moore,PHI,D,"$88,025.00","$88,025.00"
Malik,Jakupović,PHI,F,"$88,025.00","$105,956.00"
Markus,Anderson,PHI,F,"$140,000.00","$142,000.00"
Milan,Iloski,PHI,F,"$575,000.00","$628,194.00"
Nathan,Harriel,PHI,D,"$325,000.00","$421,300.00"
Neil,Pierre,PHI,D,"$113,400.00","$129,798.00"
Olivier,Mbaizo,PHI,D,"$460,000.00","$502,875.00"
Olwethu,Makhanya,PHI,D,"$300,000.00","$338,875.00"
Philippe,Ndinga,PHI,D,"$300,000.00","$332,250.00"
Quinn,Sullivan,PHI,M,"$500,000.00","$568,000.00"
Sal,Olivas,PHI,F,"$113,400.00","$137,480.00"
Stas,Korzeniowski,PHI,F,"$88,025.00","$88,025.00"
Alex,Bonetig,POR,D,"$240,000.00","$261,000.00"
Alexander,Aravena,POR,F,"$857,143.00","$1,026,310.00"
Antony,Alves Santos,POR,F,"$560,000.00","$666,042.00"
Ariel,Lassiter,POR,F,"$325,000.00","$358,000.00"
Brandon,Bye,POR,D,"$400,000.00","$442,500.00"
Cole,Bassett,POR,M,"$850,000.00","$850,000.00"
David,Da Costa,POR,M,"$2,725,000.00","$3,425,000.00"
Diego,Chará,POR,M,"$388,044.00","$388,044.00"
Eric,Miller,POR,D,"$113,400.00","$113,400.00"
Felipe,Mora,POR,F,"$1,200,000.00","$1,397,750.00"
Finn,Surman,POR,D,"$275,000.00","$303,233.00"
Gage,Guerra,POR,F,"$88,025.00","$88,025.00"
Hunter,Sulte,POR,GK,"$135,000.00","$149,750.00"
Ian,Smith,POR,D,"$88,025.00","$88,025.00"
James,Pantemis,POR,GK,"$300,000.00","$320,833.00"
Jimer,Fory,POR,D,"$450,000.00","$470,000.00"
Joao,Ortiz,POR,M,"$550,000.00","$600,625.00"
José,Caicedo,POR,M,"$1,000,000.00","$1,075,009.00"
Juan,Mosquera,POR,D,"$475,000.00","$541,650.00"
Kamal,Miller,POR,D,"$797,496.00","$822,496.00"
Kevin,Kelsy,POR,F,"$662,000.00","$802,804.00"
Kristoffer,Velde,POR,F,"$2,280,000.00","$3,027,000.00"
Omir,Fernandez,POR,F,"$625,000.00","$686,875.00"
Sawyer,Jura,POR,D,"$88,025.00","$91,358.00"
Trey,Muse,POR,GK,"$113,400.00","$113,400.00"
Zac,McGraw,POR,D,"$295,000.00","$341,750.00"
Aiden,Hezarkhani,RSL,F,"$88,025.00","$94,383.00"
Alexandros,Katranis,RSL,D,"$450,000.00","$519,875.00"
Antonio,Riquelme,RSL,M,"$88,025.00","$91,740.00"
Ariath,Piol,RSL,F,"$294,000.00","$348,859.00"
Chance,Cowell,RSL,F,"$88,025.00","$91,740.00"
DeAndre,Yedlin,RSL,D,"$650,000.00","$726,667.00"
Diego,Luna,RSL,M,"$450,000.00","$500,833.00"
Dominik,Marczuk,RSL,F,"$720,000.00","$795,500.00"
Emeka,Eneli,RSL,M,"$400,000.00","$441,000.00"
Gio,Villa,RSL,D,"$88,025.00","$91,358.00"
Griffin,Dillon,RSL,M,"$88,025.00","$92,668.00"
Jesús,Barea,RSL,F,"$88,025.00","$89,761.00"
Juan Jose,Arias,RSL,D,"$500,000.00","$565,139.00"
Juan Manuel,Sanabria,RSL,D,"$500,000.00","$500,000.00"
Justen,Glad,RSL,D,"$1,150,000.00","$1,330,000.00"
Kobi,Henry,RSL,D,"$113,400.00","$121,376.00"
Luca,Moisa,RSL,M,"$113,400.00","$113,400.00"
Luis,Rivera,RSL,D,"$160,000.00","$171,100.00"
Lukas,Engel,RSL,D,"$750,000.00","$832,135.00"
Mason,Stajduhar,RSL,GK,"$200,000.00","$215,650.00"
Max,Kerkvliet,RSL,GK,"$88,025.00","$88,025.00"
Morgan,Guilavogui,RSL,F,"$2,200,000.00","$2,225,500.00"
Noel,Caliskan,RSL,M,"$113,400.00","$113,400.00"
Omar,Marquez,RSL,F,"$88,025.00","$103,600.00"
Owen,Anderson,RSL,M,"$88,025.00","$93,915.00"
Pablo,Ruiz,RSL,M,"$825,000.00","$911,500.00"
Philip,Quinton,RSL,D,"$175,000.00","$175,000.00"
Rafael,Cabral Barbosa,RSL,GK,"$470,000.00","$703,750.00"
Sam,Junqua,RSL,D,"$450,000.00","$482,813.00"
Sergi,Solans,RSL,F,"$88,025.00","$88,025.00"
Stijn,Spierings,RSL,M,"$750,000.00","$783,333.00"
Tyler,Wolff,RSL,F,"$160,000.00","$160,000.00"
Van,Parker,RSL,F,"$88,025.00","$90,192.00"
Victor,Olatunji,RSL,F,"$600,000.00","$626,500.00"
Zach,Booth,RSL,F,"$200,000.00","$217,500.00"
Zavier,Gozo,RSL,F,"$113,400.00","$126,123.00"
Diego,Rocío,RSL,F,"$88,025.00","$92,668.00"
Nelson,Palacio,RSL,M,"$430,000.00","$473,167.00"
Alejandro,Alvarado,SD,M,"$88,025.00","$95,547.00"
Alex,Mighten,SD,F,"$325,000.00","$332,292.00"
Amahl,Pellegrino,SD,F,"$600,000.00","$645,000.00"
Anders,Dreyer,SD,F,"$2,979,168.00","$3,561,251.00"
Andrés,Reyes,SD,D,"$804,000.00","$879,000.00"
Aníbal,Godoy,SD,M,"$325,000.00","$358,333.00"
Anisse,Saidi,SD,F,"$88,025.00","$101,915.00"
Bryan,Zamblé,SD,F,"$88,025.00","$88,025.00"
Bryce,Duke,SD,M,"$300,000.00","$336,500.00"
Christopher,McVey,SD,D,"$525,000.00","$576,813.00"
CJ,dos Santos,SD,GK,"$350,000.00","$390,875.00"
David,Vazquez,SD,M,"$140,000.00","$155,880.00"
Duran,Ferree,SD,GK,"$113,400.00","$113,400.00"
Emmanuel,Boateng,SD,M,"$185,004.00","$185,004.00"
Hirving,Lozano,SD,F,"$6,000,000.00","$9,333,333.00"
Ian,Pilcher,SD,D,"$88,025.00","$88,025.00"
Jeppe,Tverskov,SD,M,"$1,000,000.00","$1,096,667.00"
Kieran,Sargeant,SD,D,"$113,400.00","$122,180.00"
Lewis,Morgan,SD,F,"$1,639,150.00","$1,868,508.00"
Luca,Bombino,SD,D,"$150,000.00","$177,200.00"
Manu,Duah,SD,D,"$88,025.00","$92,025.00"
Marcus,Ingvartsen,SD,F,"$1,800,000.00","$1,800,000.00"
Onni,Valakari,SD,M,"$705,000.00","$781,800.00"
Oscar,Verhoeven,SD,D,"$175,000.00","$188,395.00"
Osvald,Søe,SD,D,"$234,996.00","$234,996.00"
Pablo,Sisniega,SD,GK,"$215,000.04","$241,467.00"
Pedro,Soma,SD,M,"$275,000.00","$325,453.00"
Willy,Kumado,SD,D,"$113,400.00","$125,835.00"
Wilson,Eisner,SD,D,"$88,025.00","$95,290.00"
Beau,Leroux,SJ,M,"$249,996.00","$249,996.00"
Benji,Kikanović,SJ,F,"$442,000.00","$478,700.00"
Cristian,Arango,SJ,F,"$800,000.00","$800,000.00"
Cruz,Medina,SJ,M,"$180,000.00","$198,394.00"
Daniel,de Sousa Britto,SJ,GK,"$750,000.00","$792,500.00"
Daniel,Munie,SJ,D,"$500,000.00","$574,000.00"
Dave,Romney,SJ,D,"$882,875.00","$962,375.00"
DeJuan,Jones,SJ,D,"$891,996.00","$898,246.00"
Earl,Edwards Jr.,SJ,GK,"$210,000.00","$220,250.00"
Edwyn,Mendoza,SJ,M,"$120,000.00","$132,440.00"
Francesco,Montali,SJ,GK,"$113,400.00","$116,578.00"
Hernán,López Muñoz,SJ,M,"$850,000.00","$1,020,000.00"
Ian,Harkes,SJ,M,"$450,000.00","$450,000.00"
Jack,Jasinski,SJ,D,"$88,025.00","$90,287.00"
Jack,Skahan,SJ,M,"$225,000.00","$225,000.00"
Jamar,Ricketts,SJ,D,"$113,400.00","$114,987.00"
Jonathan,González,SJ,M,"$250,000.00","$275,625.00"
Kaedren,Spivey,SJ,M,"$113,400.00","$116,400.00"
Max,Floriani,SJ,D,"$88,025.00","$90,525.00"
Nate,Crockford,SJ,GK,"$88,025.00","$88,025.00"
Nick,Fernandez,SJ,M,"$113,400.00","$115,304.00"
Niko,Tsakiris,SJ,M,"$685,714.00","$755,214.00"
Noel,Buck,SJ,M,"$150,000.00","$150,000.00"
Nonso,Adimabua,SJ,F,"$113,400.00","$117,285.00"
Ousseni,Bouda,SJ,F,"$350,000.00","$350,000.00"
Paul,Marie,SJ,D,"$350,000.00","$382,500.00"
Preston,Judd,SJ,F,"$250,000.00","$299,375.00"
Reid,Roberts,SJ,D,"$88,025.00","$88,025.00"
Rohan,Rajagopal,SJ,M,"$88,025.00","$88,025.00"
Ronaldo,Vieira,SJ,M,"$800,000.00","$853,854.00"
Timo,Werner,SJ,F,"$3,738,872.00","$4,268,039.00"
Vítor,Costa,SJ,D,"$425,000.00","$463,333.00"
Albert,Rusnák,SEA,M,"$2,685,000.00","$2,685,000.00"
Álex,Roldán,SEA,D,"$625,000.00","$658,050.00"
Andrew,Thomas,SEA,GK,"$252,500.00","$252,500.00"
Antino,Lopez,SEA,D,"$88,025.00","$88,025.00"
Cody,Baker,SEA,D,"$113,400.00","$119,104.00"
Cristian,Roldán,SEA,M,"$1,645,000.00","$1,766,000.00"
Danny,Musovski,SEA,F,"$650,000.00","$712,924.00"
Hassani,Dotson,SEA,M,"$828,125.00","$828,125.00"
Jackson,Ragen,SEA,D,"$625,000.00","$635,000.00"
Jesús,Ferreira,SEA,F,"$1,639,204.00","$1,882,937.00"
Jordan,Morris,SEA,F,"$2,362,500.00","$2,372,500.00"
Kalani,Kossa-Rienzi,SEA,D,"$113,400.00","$113,400.00"
Kee-hee,Kim,SEA,D,"$113,400.00","$113,400.00"
Max,Anchor,SEA,GK,"$113,400.00","$120,842.00"
Nikola,Petković,SEA,M,"$470,000.00","$516,250.00"
Nouhou,Tolo,SEA,D,"$800,000.00","$835,000.00"
Osaze,De Rosario,SEA,F,"$250,000.00","$315,000.00"
Paul,Arriola,SEA,F,"$1,000,000.00","$1,142,500.00"
Paul,Rothrock,SEA,F,"$525,000.00","$525,000.00"
Pedro,de la Vega,SEA,F,"$1,000,000.00","$1,379,000.00"
Peter,Kingston,SEA,M,"$113,400.00","$113,400.00"
Ryan,Sailor,SEA,D,"$113,400.00","$113,400.00"
Sebastian,Gomez,SEA,M,"$88,025.00","$94,740.00"
Snyder,Brunell,SEA,M,"$88,025.00","$98,051.00"
Stefan,Frei,SEA,GK,"$365,000.00","$390,750.00"
Stuart,Hawkins,SEA,D,"$113,400.00","$125,421.00"
Yeimar,Gómez Andrade,SEA,D,"$900,000.00","$982,500.00"
Yu,Tsukanome,SEA,F,"$113,400.00","$113,400.00"
Calvin,Harris,KC,F,"$375,000.00","$375,000.00"
Cielo,Tschantret,KC,M,"$88,025.00","$88,025.00"
Dejan,Joveljić,KC,F,"$3,000,000.00","$3,306,250.00"
Diego Henrique,Borges da Silva,KC,D,"$300,000.00","$330,000.00"
Ethan,Bartlow,KC,D,"$113,400.00","$142,637.00"
Ian,James,KC,D,"$113,400.00","$117,998.00"
Jack,Kortkamp,KC,GK,"$88,025.00","$90,025.00"
Jacob,Bartlett,KC,M,"$88,025.00","$91,025.00"
Jake,Davis,KC,D,"$425,000.00","$437,500.00"
Jansen,Miller,KC,D,"$88,025.00","$89,705.00"
Jayden,Reid,KC,D,"$113,400.00","$116,655.00"
John,Pulskamp,KC,GK,"$400,000.00","$425,375.00"
Justin,Reynolds,KC,D,"$123,400.00","$123,400.00"
Kwaku,Agyabeng,KC,M,"$88,025.00","$88,858.00"
Lasse,Berg Johnsen,KC,M,"$1,100,000.00","$1,191,250.00"
Manu,García,KC,M,"$2,200,000.00","$2,425,313.00"
Osvaldo,Capemba,KC,F,"$600,000.00","$658,720.00"
Ryan,Schewe,KC,GK,"$88,025.00","$88,025.00"
Shapi,Suleymanov,KC,F,"$950,000.00","$1,065,028.00"
Stefan,Cleveland,KC,GK,"$215,000.00","$237,000.00"
Stephen,Afrifa,KC,F,"$113,400.00","$113,400.00"
Taylor,Calheira,KC,F,"$88,025.00","$100,824.00"
Wyatt,Meyer,KC,D,"$113,400.00","$116,550.00"
Zorhan,Bassong,KC,M,"$450,000.00","$540,833.00"
Ben,Lundt,STL,GK,"$225,000.00","$225,000.00"
Brendan,McSorley,STL,F,"$88,025.00","$88,025.00"
Caden,Glover,STL,F,"$150,000.00","$155,000.00"
Cedric,Teuchert,STL,F,"$1,400,000.00","$1,542,500.00"
Célio Antonio,Pompeu Pinheiro Martins,STL,F,"$272,750.00","$309,006.00"
Chris,Durkin,STL,M,"$600,000.00","$668,500.00"
Christian,Olivares,STL,GK,"$113,400.00","$113,400.00"
Conrad,Wallem,STL,M,"$600,000.00","$657,188.00"
Daniel,Edelman,STL,M,"$600,000.00","$676,350.00"
Dante,Polvara,STL,M,"$400,000.00","$436,806.00"
Eduard,Löwen,STL,M,"$1,300,000.00","$1,444,250.00"
Fallou,Fall,STL,D,"$645,500.00","$743,919.00"
Jake,Girdwood-Reich,STL,D,"$296,750.00","$335,527.00"
Jaziel,Orozco,STL,D,"$88,025.00","$88,025.00"
Joshua,Yaro,STL,D,"$206,000.00","$227,725.00"
Kyle,Hiebert,STL,D,"$260,000.00","$289,000.00"
Lukas,MacNaughton,STL,D,"$200,000.00","$219,306.00"
Mamadou,Mbacke,STL,D,"$435,000.00","$496,350.00"
Marcel,Hartel,STL,M,"$2,022,300.00","$2,407,813.00"
Miguel,Perez,STL,M,"$113,400.00","$113,400.00"
MyKhi,Joyner,STL,M,"$113,400.00","$130,680.00"
Rafael,Santos,STL,D,"$200,000.00","$226,354.00"
Roman,Bürki,STL,GK,"$2,500,000.00","$2,750,000.00"
Sang-bin,Jeong,STL,F,"$685,125.00","$791,833.00"
Sergio,Córdova,STL,F,"$1,200,000.00","$1,213,500.00"
Simon,Becher,STL,F,"$400,000.00","$444,375.00"
Timo,Baumgartl,STL,D,"$600,000.00","$693,333.00"
Tomas,Totland,STL,D,"$350,000.00","$391,763.00"
Tomas,Ostrák,STL,M,"$700,000.00","$801,000.00"
Tyson,Pearce,STL,D,"$130,000.00","$130,000.00"
Adam,Pearlman,TOR,D,"$130,000.00","$143,300.00"
Adisa,De Rosario,TOR,GK,"$88,025.00","$104,638.00"
Alonso,Coello,TOR,M,"$300,000.00","$335,000.00"
Benjamín,Kuscevic,TOR,D,"$650,004.00","$804,982.00"
Cassius,Mailula,TOR,F,"$350,000.00","$366,003.00"
Dániel,Sallói,TOR,F,"$1,300,000.00","$1,343,333.00"
Deandre,Kerr,TOR,F,"$160,000.00","$165,319.00"
Derrick,Etienne Jr.,TOR,F,"$375,000.00","$375,000.00"
Djordje,Mihailovic,TOR,M,"$2,279,170.00","$2,828,204.00"
Emilio,Aristizábal,TOR,F,"$324,996.00","$344,788.00"
Henry,Wingo,TOR,D,"$725,000.00","$796,031.00"
Jonathan,Osorio,TOR,M,"$800,000.00","$1,083,333.00"
José,Cifuentes,TOR,M,"$1,374,999.96","$1,570,000.00"
Josh,Sargent,TOR,F,"$3,210,000.00","$5,265,667.00"
Jules-Anthony,Vilsaint,TOR,F,"$150,000.00","$156,875.00"
Kobe,Franklin,TOR,D,"$150,000.00","$160,802.00"
Lazar,Stefanović,TOR,D,"$113,400.00","$125,306.00"
Luka,Gavran,TOR,GK,"$225,000.00","$249,475.00"
Malik,Henry,TOR,M,"$88,025.00","$88,025.00"
Markus,Cimermancic,TOR,M,"$88,025.00","$101,881.00"
Matheus,Pereira de Souza,TOR,D,"$477,000.00","$650,800.00"
Nicksoen,Gomis,TOR,D,"$113,400.00","$113,400.00"
Raheem,Edwards,TOR,D,"$375,000.00","$414,340.00"
Richie,Laryea,TOR,D,"$875,000.00","$1,214,438.00"
Stefan,Kapor,TOR,D,"$88,025.00","$97,740.00"
Theo,Corbeanu,TOR,F,"$450,000.00","$496,625.00"
Walker,Zimmerman,TOR,D,"$1,140,000.00","$1,708,037.00"
William,Yarbrough,TOR,GK,"$135,000.00","$150,000.00"
Zane,Monlouis,TOR,D,"$125,000.00","$137,891.00"
Adrián,Zendejas,VAN,GK,"$113,400.00","$113,400.00"
Andrés,Cubas,VAN,M,"$1,000,000.00","$1,153,333.00"
AZ,Jackson,VAN,M,"$240,000.00","$403,680.00"
Belal,Halbouni,VAN,D,"$204,000.00","$230,233.00"
Brian,White,VAN,F,"$1,065,000.00","$1,065,000.00"
Bruno,Caicedo,VAN,F,"$390,000.00","$430,150.00"
Cheikh,Sabaly,VAN,F,"$1,109,091.00","$1,414,727.00"
Édier,Ocampo,VAN,D,"$400,000.00","$453,799.00"
Emmanuel,Sabbi,VAN,F,"$1,080,000.00","$1,167,750.00"
Giuseppe,Bovalina,VAN,D,"$125,000.00","$137,980.00"
Isaac,Boehmer,VAN,GK,"$165,000.00","$173,750.00"
J.C.,Ngando,VAN,M,"$200,000.00","$200,000.00"
Jeevan,Badwal,VAN,M,"$113,400.00","$113,400.00"
Joedrick,Pupe,VAN,D,"$450,000.00","$490,600.00"
Kenji,Cabrera,VAN,F,"$400,000.00","$440,053.00"
Liam,MacKenzie,VAN,M,"$88,025.00","$103,450.00"
Mathías,Laborda,VAN,D,"$1,050,000.00","$1,193,625.00"
Mihail,Gherasimencov,VAN,D,"$88,025.00","$97,748.00"
Nelson,Pierre,VAN,F,"$125,000.00","$139,116.00"
Nikola,Djordjevic,VAN,D,"$88,025.00","$88,025.00"
Oliver,Larraz,VAN,M,"$450,000.00","$496,667.00"
Ralph,Priso,VAN,M,"$175,000.00","$189,167.00"
Ranko,Veselinović,VAN,D,"$715,000.00","$782,125.00"
Rayan,Elloumi,VAN,F,"$88,025.00","$103,671.00"
Ryan,Gauld,VAN,M,"$3,500,000.00","$3,675,000.00"
Sam,Adekugbe,VAN,D,"$1,300,000.00","$1,388,000.00"
Sebastian,Berhalter,VAN,M,"$480,000.00","$480,000.00"
Sebastian,Schonlau,VAN,D,"$720,000.00","$776,833.00"
Tate,Johnson,VAN,D,"$88,025.00","$89,025.00"
Thomas,Müller,VAN,F,"$5,000,004.00","$5,152,504.00"
Tristan,Blackmon,VAN,D,"$975,000.00","$975,000.00"
Yohei,Takaoka,VAN,GK,"$772,727.00","$841,818.00"