id,playerid,firstname,lastname,club,position,basesalary,guaranteedcomp,recordyear,recordseason
OJ4aJ2P9,gbw005,Adrian,Gill,ATL,M,88025.00,88025.00,2026,Spring
hTTw1oML,jyW2kU,Adyn,Torres,ATL,M,120000.00,120000.00,2026,Spring
fc2h9udc,rvqZty,Ajani,Fortune,ATL,M,120000.00,120000.00,2026,Spring
wpWZir6T,CFPtG6,Aleksey,Miranchuk,ATL,M,3800000.00,5085441.00,2026,Spring
DHlo18oK,us15aP,Ashton,Gordon,ATL,F,88025.00,88025.00,2026,Spring
40prUNPP,iINwu5,Cayman,Togashi,ATL,F,113400.00,113400.00,2026,Spring
FXxeNJNo,FZJ7Aq,Cooper,Sanchez,ATL,M,88025.00,88025.00,2026,Spring
yPqK9waW,3t1V43,Dominik,Chong Qui,ATL,D,88025.00,88025.00,2026,Spring
AoCmAQGi,BFv2aG,Elias,Baez,ATL,D,264706.00,293706.00,2026,Spring
SN3bZYOf,13lcYk,Emmanuel,Latte Lath,ATL,F,3240000.00,3736000.00,2026,Spring
SYQpXHky,QLQm6X,Enea,Mihaj,ATL,D,1215000.00,1557000.00,2026,Spring
KyiuLq4v,qrh3Cx,Fafa,Picault,ATL,F,113400.00,142250.00,2026,Spring
fpsxYXst,K7cdAu,Jayden,Hibbert,ATL,GK,113400.00,113400.00,2026,Spring
JZYTAgYa,gxX8vY,Juan,Berrocal,ATL,D,1424666.64,1424666.64,2026,Spring
mHG1d6U2,UZ9F4a,Lucas,Hoyos,ATL,GK,315000.00,342667.00,2026,Spring
yGglpdUa,nlCGGD,Luke,Brennan,ATL,M,125000.00,125000.00,2026,Spring
UYxcV5Sc,Qer1LH,Matias,Galarza,ATL,M,720000.00,945413.00,2026,Spring
dz8Am7rr,TZkpqQ,Matthew,Edwards,ATL,D,113400.00,113400.00,2026,Spring
apEaVdwe,TZPL5W,Miguel,Almiron,ATL,F,6056000.00,7871000.00,2026,Spring
jNTzcgWe,PSfw6K,Pedro,Amador,ATL,D,256992.00,292604.00,2026,Spring
fLYZVk8O,V0zIVU,Ronald,Hernandez,ATL,D,145000.00,159000.00,2026,Spring
QJU3VLGt,8qseAK,Saba,Lobjanidze,ATL,F,900000.00,998750.00,2026,Spring
we52mnAg,QkgnMe,Santiago,Pita,ATL,M,88025.00,88025.00,2026,Spring
plgi8hWn,79OJAO,Sergio,Santos,ATL,F,113400.00,171000.00,2026,Spring
NxfQVrIl,C9PACN,Steven,Alzate,ATL,M,1062186.00,1377087.00,2026,Spring
JfY5m3fH,6Qcol5,Stian,Gregersen,ATL,D,850000.00,970000.00,2026,Spring
vRURLXaE,wh3Vec,Tomas,Jacob,ATL,D,525000.00,642500.00,2026,Spring
PC59hjI6,jHPTZb,Tristan,Muyumba,ATL,M,600000.00,641600.00,2026,Spring
nSJemHOH,iMbWNu,Will,Reilly,ATL,M,88025.00,88025.00,2026,Spring
Z3UY0QWH,BPbL12,Besard,Sabovic,ATX,M,650000.00,650000.00,2026,Spring
DmspXzCm,lzs93F,Brad,Stuver,ATX,GK,600000.00,631667.00,2026,Spring
L2Ttowc7,NwqA5q,Brandon,Vazquez,ATX,F,3350000.00,3701778.00,2026,Spring
r2fMtlPI,yHmc9W,Brendan,Hines-Ike,ATX,D,375000.00,375000.00,2026,Spring
ujGNCoYc,nfLoGS,Christian,Ramirez,ATX,F,525000.00,577500.00,2026,Spring
Msm9FKQ7,WGEBg3,CJ,Fodrey,ATX,F,120000.00,120000.00,2026,Spring
VZkUAiVE,oH7Fxd,Damian,Las,ATX,GK,175000.00,175000.00,2026,Spring
cZGbjPwV,dLfDIg,Daniel,Pereira,ATX,M,750000.00,793750.00,2026,Spring
PQVX99BP,Zz8d41,Ervin,Torres,ATX,M,88025.00,104525.00,2026,Spring
FYjtTAxm,aNinpj,Facundo,Torres,ATX,F,3360000.00,4405000.00,2026,Spring
ARU5ICva,FIND,Guilherme,da Trindade Dubas,ATX,D,325000.00,325000.00,2026,Spring
EYEse11e,29D4Gu,Ilie,Sanchez,ATX,M,225000.00,225000.00,2026,Spring
5NWsyrs0,7mP8NJ,Jayden,Nelson,ATX,F,499999.92,554000.00,2026,Spring
huYvgTHH,43jSPg,Jon,Gallagher,ATX,D,400000.00,400000.00,2026,Spring
QwyTv3gG,vhIDoc,Jon,Bell,ATX,D,225000.00,225000.00,2026,Spring
njzbFlzr,cVyc3X,Joseph,Rosales,ATX,D,500000.00,529875.00,2026,Spring
EAhtKt7a,Eg6ox4,Mateja,Djordjevic,ATX,D,325000.00,335000.00,2026,Spring
qCyOvlee,WLFxNl,Micah,Burton,ATX,M,125000.00,136000.00,2026,Spring
fkIbWhlt,Blf7Fc,Mikkel,Desler,ATX,D,550000.00,550000.00,2026,Spring
h0JBZSa4,MoQt2Q,Myrto,Uzuni,ATX,F,1600000.00,2305000.00,2026,Spring
WRUqgBtC,nNfJHS,Nicolas,Dubersarsky,ATX,M,325000.00,347986.00,2026,Spring
QPfyd10k,Jhh1Q8,Oleksandr,Svatok,ATX,D,575000.00,580000.00,2026,Spring
VutqAOCg,5pWuqU,Owen,Wolff,ATX,M,750000.00,750000.00,2026,Spring
Ef6HDQxs,q8H2E1,Riley,Thomas,ATX,D,88025.00,88025.00,2026,Spring
iVyMuZXG,SPgG90,Robert,Taylor,ATX,F,575000.00,633333.00,2026,Spring
6LwOLkVw,dlqZl0,Zan,Kolmanic,ATX,D,375000.00,375000.00,2026,Spring
p1sHKPRg,M3POBc,Aleksandr,Guboglo,MTL,D,88025.00,93714.00,2026,Spring
fSlICGqe,uu6Mba,Bode,Hidalgo,MTL,D,290000.00,320800.00,2026,Spring
rF9zl1bH,vI3pK1,Brandan,Craig,MTL,D,88025.00,97830.00,2026,Spring
5tYc702a,AF59Q3,Brayan,Vera,MTL,D,650000.00,748000.00,2026,Spring
eg8I6wv4,UKGlUE,Dagur Dan,Thorhallsson,MTL,D,480000.00,530625.00,2026,Spring
QXjtMqw7,V2EkDZ,Daniel,Rios,MTL,F,225000.00,237066.00,2026,Spring
VoSw9knl,4gR2fP,Dawid,Bugaj,MTL,D,240000.00,267600.00,2026,Spring
VewBZPEE,1OJbyC,Efrain,Morales,MTL,D,400000.00,451250.00,2026,Spring
HufmzjIe,DL4VsM,Emil,Gazdov,MTL,GK,88025.00,96172.00,2026,Spring
EOYHkuQu,1LDgK5,Fabian,Herbers,MTL,F,400000.00,440000.00,2026,Spring
j8ujgCs1,ca7you,Felix,Samson,MTL,D,88025.00,91740.00,2026,Spring
iprjmZsr,1vbB6b,Gennadiy,Synchuk,MTL,F,600000.00,606000.00,2026,Spring
KxKXmOkn,dklGbX,Ivan,Losenko,MTL,M,210000.00,248000.00,2026,Spring
sxu8SY8g,V4RhJk,Ivan,Jaime,MTL,M,1920000.00,2111200.00,2026,Spring
sW131M1T,EsLVKp,Jalen,Neal,MTL,D,675000.00,756250.00,2026,Spring
LJjNn7mi,wzZuxT,Josh,Nteziryayo,MTL,M,88025.00,91120.00,2026,Spring
8Zs3fOEP,Vk7FKD,Luca,Petrasso,MTL,D,119600.00,134736.00,2026,Spring
JqJia651,mARyAy,Mahala,Opoku,MTL,F,583333.00,723560.00,2026,Spring
XsBBZyyY,lj8kGm,Matty,Longstaff,MTL,M,416000.00,435869.00,2026,Spring
uJET7but,iiwlFM,Noah,Streit,MTL,F,400000.00,451333.00,2026,Spring
VEt2G7ic,xw2FLC,Olger,Escobar,MTL,M,88025.00,93421.00,2026,Spring
898DHh3b,Hva2gm,Owen,Graham-Roache,MTL,F,88025.00,93915.00,2026,Spring
m5tkl69Y,HabI6S,Prince,Owusu,MTL,F,1300000.00,1330000.00,2026,Spring
9dj7DlG6,ERnl5v,Samsy,Keita,MTL,GK,88025.00,102637.00,2026,Spring
sMGzmVVw,MqzXVV,Samuel,Piette,MTL,M,535250.00,621016.00,2026,Spring
UnWrnC5v,EdFWkn,Sebastian,Breza,MTL,GK,113400.00,123400.00,2026,Spring
2Ig5lH94,pB4gDy,Sunusi,Ibrahim,MTL,F,350000.00,410000.00,2026,Spring
rbbC4VVw,WbaTf7,Thomas,Gillier,MTL,GK,445000.00,487000.00,2026,Spring
K4GPC3bP,tuVXNJ,Tomas,Aviles,MTL,D,495000.00,522500.00,2026,Spring
YE3BkYLX,dtgoTz,Victor,Loturi,MTL,M,135000.00,146500.00,2026,Spring
by2tthTo,gi1iMe,Wikelman,Carmona,MTL,M,550000.00,555000.00,2026,Spring
dH7uqoGq,40I4It,Andrew,Johnson,CLT,D,88025.00,89309.00,2026,Spring
Y0EPdr61,jGACcL,Andrew,Privett,CLT,D,250000.00,281400.00,2026,Spring
BHOM8NMl,ru2A0S,Archie,Goodwin,CLT,F,325000.00,366187.00,2026,Spring
GcfilkxX,IcG8LF,Ashley,Westwood,CLT,M,800000.00,833333.00,2026,Spring
Q1n2lEVn,ZT06dh,Baye,Coulibaly,CLT,M,300000.00,329500.00,2026,Spring
lQ6FPHbH,pzWJuF,Brandt,Bronico,CLT,M,500000.00,551667.00,2026,Spring
IKAAuzER,IxHodQ,Brian,Romero,CLT,F,175000.00,185833.00,2026,Spring
8qHEXHjN,wOAFU8,Chituru,Odunze,CLT,GK,125000.00,138508.00,2026,Spring
Mlib1OrY,2eTFFH,David,Schnegg,CLT,D,650000.00,756250.00,2026,Spring
UUO12F6v,zRireD,Djibril,Diani,CLT,M,350000.00,387944.00,2026,Spring
YnyEY9pv,IaVwTS,Harry,Toffolo,CLT,D,900000.00,1020000.00,2026,Spring
SQLB6Dw7,lg9JeM,Henry,Kessler,CLT,D,850000.00,965525.00,2026,Spring
K3dJ9ZUG,BMd3BX,Idan,Toklomati,CLT,F,700000.00,781500.00,2026,Spring
h7TKOvda,BCPXTJ,Isaac,Walker,CLT,GK,113400.00,121376.00,2026,Spring
XnkDOOGk,zyqc3Z,Jack,Neeley,CLT,D,140000.00,142000.00,2026,Spring
X4ZxPeYr,VPswnJ,Kerwin,Vargas,CLT,F,650000.00,733750.00,2026,Spring
ZBLzn1x2,87f2Ll,Kristijan,Kahlina,CLT,GK,775000.00,813750.00,2026,Spring
W5wTrVtf,99FASA,Liel,Abada,CLT,F,2500000.00,2648500.00,2026,Spring
kxcGacZF,cgdw2P,Luca,de la Torre,CLT,M,1457386.00,1611827.00,2026,Spring
SzfC497y,d0FqsB,Mikah,Thomas,CLT,D,88025.00,88428.00,2026,Spring
IqZAOcK3,pnPTkW,Morrison,Agyemang,CLT,D,240000.00,262080.00,2026,Spring
7uk588GL,jYKYCB,Nathan,Byrne,CLT,D,475000.00,498750.00,2026,Spring
JtJcSGCu,ejASxH,Nick,Holliday,CLT,GK,88025.00,88025.00,2026,Spring
1a4vPxLG,YdDy4k,Nimfasha,Berchimas,CLT,F,150000.00,164934.00,2026,Spring
9aP58hZc,SZbiw4,Pep,Biel,CLT,M,2775000.00,3015563.00,2026,Spring
hpY8Lce6,Iax3zA,Tim,Ream,CLT,D,1000000.00,1127750.00,2026,Spring
kkbWS9Lq,cyA3wp,Tyger,Smalls,CLT,F,113400.00,113400.00,2026,Spring
ZXxn6jMn,qeNGEl,Tyler,Miller,CLT,GK,226800.00,250925.00,2026,Spring
QYk1GOTF,fHhBTy,Wilfried,Zaha,CLT,F,2666667.00,2751667.00,2026,Spring
JMFKEsrt,83vcyy,Will,Cleary,CLT,D,88025.00,89309.00,2026,Spring
XjR5rc0w,bQvw3z,Rodolfo,Aloko,CLT,F,220000.00,251667.00,2026,Spring
cFbmdLVO,xQTIZg,Andre,Franco,CHI,M,1200000.00,1306771.00,2026,Spring
vpuj3NTZ,kFpXHv,Andrew,Gutman,CHI,D,625000.00,625000.00,2026,Spring
BttfyfZX,xkOEIt,Anton,Saletros,CHI,M,700000.00,750000.00,2026,Spring
ZlOnrDYY,78Dpi5,Chris,Mueller,CHI,F,150000.00,186600.00,2026,Spring
g8Ij89NL,jSVEZl,Chris,Brady,CHI,GK,250000.00,348333.00,2026,Spring
fQbekdMJ,fAwPr4,Christopher,Cupps,CHI,D,113400.00,116186.00,2026,Spring
HoC44te6,2PHWts,David,Poreba,CHI,M,88025.00,98858.00,2026,Spring
kxqE9v1T,jY2OJb,Dean,Boltz,CHI,F,88025.00,90025.00,2026,Spring
8y1l6bWs,LQsSNE,Dje,D'Avilla,CHI,M,573000.00,685486.00,2026,Spring
TQmC9D53,GSCEWA,Dylan,Borso,CHI,F,113400.00,121400.00,2026,Spring
1Zk5uAKW,qJ5dhG,Hugo,Cuypers,CHI,F,3238000.00,3528044.00,2026,Spring
oSjjyRnD,xXbNce,Jack,Elliott,CHI,D,960511.00,1054275.00,2026,Spring
eNt3ypUv,5e43nU,Jason,Shokalook,CHI,F,88025.00,88025.00,2026,Spring
uiVWNsJ6,TAEtpD,Jeff,Gal,CHI,GK,150000.00,165000.00,2026,Spring
YqqyNYY8,WsvaZY,Joel,Waterman,CHI,D,517000.00,598150.00,2026,Spring
jvGKWnN7,cMRRF2,Jonathan,Dean,CHI,D,175000.00,210700.00,2026,Spring
5nBbahUO,SmFbEB,Jonathan,Bamba,CHI,F,5000000.00,5581806.00,2026,Spring
C6zs5RGd,Fodh6x,Josh,Cohen,CHI,GK,165000.00,181250.00,2026,Spring
Gh4DQSra,muZsMt,Leonardo,Barroso,CHI,D,350000.00,395500.00,2026,Spring
ms7C42DC,X3GN4B,Maren,Haile-Selassie,CHI,M,444000.00,483500.00,2026,Spring
7mZ1jYyT,G0q5fh,Mauricio,Pineda,CHI,D,200000.00,320157.00,2026,Spring
xYVQgc2v,3LS7HI,Mbekezeli,Mbokazi,CHI,D,593000.00,655620.00,2026,Spring
c3X7A8wL,GVQRXX,Omari,Glasgow,CHI,M,113400.00,127085.00,2026,Spring
HFZ55F3z,UQJZzd,Philip,Zinckernagel,CHI,F,1455125.00,1635665.00,2026,Spring
wveXTB2r,CkT6by,Puso,Dithejane,CHI,F,250000.00,283252.00,2026,Spring
hnyUDWLz,Q9ooQm,Robert,Turdean,CHI,M,125000.00,157927.00,2026,Spring
e8E3nKaI,OLIavz,Robin,Lod,CHI,M,800000.00,866667.00,2026,Spring
qceaHlpH,uzbvs3,Sam,Williams,CHI,M,88025.00,99354.00,2026,Spring
EX0GkMYW,v0DcNu,Sam,Rogers,CHI,D,200000.00,223000.00,2026,Spring
JLjdJsMz,BOLhNz,Sergio,Oregel,CHI,M,350000.00,392500.00,2026,Spring
JSQeTm4m,M6XEJX,Viktor,Radojevic,CHI,D,350000.00,357000.00,2026,Spring
4DEyNH1v,7QChFP,Adam,Beaudry,COL,GK,113400.00,115900.00,2026,Spring
JanZuHiy,LUuj67,Alex,Harris,COL,F,88025.00,90025.00,2026,Spring
bD9FD7E2,839j8d,Alexis,Manyoma,COL,F,654000.00,711750.00,2026,Spring
iw2G3LLS,mE8jQh,Ali,Fadal,COL,M,113400.00,113400.00,2026,Spring
GLceza18,vsEmjA,Bryce,Jamison,COL,F,113400.00,125866.00,2026,Spring
JiTdMgfL,vjZKjR,Connor,Ronan,COL,M,510000.00,562400.00,2026,Spring
n9i7pFow,h6wMat,Dante,Sealy,COL,F,150000.00,168022.00,2026,Spring
tDBJFFRM,5ld3DF,Darren,Yapi,COL,F,795000.00,820000.00,2026,Spring
TtZS688d,B6X7Kc,Donavan,Phillip,COL,F,88025.00,88025.00,2026,Spring
CYyaoOhe,GUI1xO,Georgi,Minoungou,COL,F,113400.00,113400.00,2026,Spring
avrAU3Rj,cgk7qB,Hamzat,Ojediran,COL,M,800000.00,881667.00,2026,Spring
6xcS2R1m,4gn1yA,Ian,Murphy,COL,D,400000.00,447500.00,2026,Spring
EQPJGNqu,nwPAjB,Jackson,Travis,COL,D,125000.00,127500.00,2026,Spring
oJcwphUq,u74hIo,Josh,Atencio,COL,M,462500.00,462500.00,2026,Spring
SxeTuDYU,5fWqoD,Keegan,Rosenberry,COL,D,300000.00,300000.00,2026,Spring
Gpjwiydm,Ck5rp5,Kimani,Stewart-Baynes,COL,F,115000.00,116000.00,2026,Spring
rZzEKSFa,ZuamEc,Kosi,Thompson,COL,D,140000.00,145260.00,2026,Spring
cnYgN0Qq,cF6BMY,Lucas,Herrington,COL,D,200004.00,235004.00,2026,Spring
w55gMxt7,QT4gHu,Mamadou Billo,Diop,COL,F,88025.00,88025.00,2026,Spring
15SvDp0P,u87uEc,Miguel,Navarro,COL,D,498000.00,548781.00,2026,Spring
kYGuJK2s,MxDIJp,Nicolas,Hansen,COL,GK,160000.00,160000.00,2026,Spring
bdNNRODB,v03u0L,Noah,Cobb,COL,D,130000.04,130000.04,2026,Spring
OWe8mEzg,3Gr5oW,Paxten,Aaronson,COL,M,2000000.00,2228063.00,2026,Spring
yapexO6T,KM1k7o,Rafael,Navarro Leal,COL,F,1392000.00,1449600.00,2026,Spring
kj99re9H,2rRmy1,Reggie,Cannon,COL,D,750000.00,841500.00,2026,Spring
Fo3rmYGO,wSbaIB,Rob,Holding,COL,D,1200000.00,1200000.00,2026,Spring
xahrugGE,XlwDPf,Sydney,Wathuta,COL,M,88025.00,88025.00,2026,Spring
vO77Xpaf,W6GS6G,Theodore,Ku-DiPietro,COL,M,500000.00,556000.00,2026,Spring
5KVaMVnc,NlPOkE,Wayne,Frederick,COL,M,113400.00,113400.00,2026,Spring
X1DQBAoo,he2iVw,Zack,Steffen,COL,GK,1100000.00,1100000.00,2026,Spring
e9t2rVmi,O8r6F6,Amar,Sejdic,CLB,M,200000.00,214550.00,2026,Spring
w5MVOILV,UTbYtL,Andre,Gomes,CLB,M,875000.00,971944.00,2026,Spring
M2l6PxDJ,F7z9U4,Andres,Herrera,CLB,D,650000.00,727632.00,2026,Spring
t1axgowY,aG4JrA,Cesar,Ruvalcaba,CLB,D,113400.00,113400.00,2026,Spring
fn7LB3Go,p678YJ,Chase,Adams,CLB,F,88025.00,114303.00,2026,Spring
MiTrXZCO,ua8H3S,Cole,Mrowka,CLB,M,113400.00,133408.00,2026,Spring
Xp2yaamn,47Gge5,Daniel,Gazdag,CLB,M,2049996.00,2647635.00,2026,Spring
f94YNqzx,KNi915,Diego,Rossi,CLB,M,2775000.00,3476827.00,2026,Spring
ykou8QRT,P059nL,Dylan,Chambost,CLB,M,600000.00,695250.00,2026,Spring
xxLnvDIM,exrQp2,Evan,Bush,CLB,GK,113400.00,113400.00,2026,Spring
3gY0YxZb,NRymSl,Hugo,Picard,CLB,M,725000.00,781244.00,2026,Spring
D6Pvh734,VdIWRS,Jamal,Thiare,CLB,F,500000.00,530000.00,2026,Spring
DjLKXCvz,VBjduA,Luke,Pruter,CLB,GK,113400.00,113400.00,2026,Spring
Bro2DHH1,0bTbIs,Malte,Amundsen,CLB,D,675000.00,747500.00,2026,Spring
EeoHvy9o,vyJBzF,Max,Arfsten,CLB,F,800000.00,895000.00,2026,Spring
IQ8WNxDH,FzkVN9,Mohamed,Farsi,CLB,M,500000.00,530000.00,2026,Spring
gdMx81at,K4HSKp,Nariman,Akhundzada,CLB,F,550000.00,633389.00,2026,Spring
4oS3IfdI,bp8s4U,Nicholas,Hagen,CLB,GK,165000.00,183600.00,2026,Spring
yNZ6PW00,Ce6RbI,Owen,Presthus,CLB,D,88025.00,94216.00,2026,Spring
0SivzsGa,aEn9Ru,Patrick,Schulte,CLB,GK,900000.00,1032083.00,2026,Spring
zaTWrHTs,sbZGfw,Quinton,Elliot,CLB,M,88025.00,92668.00,2026,Spring
7tnW0f5f,kMCw1E,Rudy,Camacho,CLB,D,350000.00,415000.00,2026,Spring
JTjnzKYo,zTPpGK,Sean,Zawadzki,CLB,M,800000.00,900500.00,2026,Spring
2Etm6AXg,tjJXvj,Sekou,Bangoura,CLB,M,450000.00,542167.00,2026,Spring
S0yBPGwg,KdAIIk,Stanislav,Lapkes,CLB,GK,95400.00,114490.00,2026,Spring
MKp9WCq4,7fUoAF,Steven,Moreira,CLB,D,840000.00,922000.00,2026,Spring
bujUFVcq,WekgEq,Taha,Habroune,CLB,M,140000.00,152000.00,2026,Spring
exH5yBA8,fNPISl,Tristan,Brown,CLB,D,88025.00,92389.00,2026,Spring
glvsfu7U,9Ld32G,Wessam,Abou Ali,CLB,F,2775000.00,3611750.00,2026,Spring
KfFMW0st,YoHVYa,Yevgen,Cheberko,CLB,D,610000.00,658250.00,2026,Spring
lPkwNHxk,zrx5mm,Zach,Zengue,CLB,M,88025.00,88025.00,2026,Spring
JYSjczHe,0mUlF1,Aaron,Herrera,DC,D,850000.00,945220.00,2026,Spring
zUuCxukF,ve28jZ,Alex,Bono,DC,GK,250000.00,262500.00,2026,Spring
qbeKNHXl,qaHTlj,Brandon,Servania,DC,M,275000.00,303722.00,2026,Spring
NsDndaWJ,ZzmBYZ,Caden,Clark,DC,M,400000.00,432000.00,2026,Spring
KrVHaIQl,epV4KB,Conner,Antley,DC,D,120000.00,121667.00,2026,Spring
7RKs0ylL,n6L3oE,Gabriel,Segal,DC,F,113400.00,113400.00,2026,Spring
irFiaUrm,j6nM2m,Gabriel,Cordeiro Pirani,DC,M,800000.00,866700.00,2026,Spring
EBQAzHKk,CisZc9,Garrison,Tubbs,DC,D,113400.00,113400.00,2026,Spring
k4ily9Ex,cgMOrY,Gavin,Turner,DC,M,88025.00,110259.00,2026,Spring
bSqENvv6,iWNE4L,Grant,Leveille,DC,GK,88025.00,96750.00,2026,Spring
YMDXXJxv,ZMYyf6,Hakim,Karamoko,DC,F,88025.00,88025.00,2026,Spring
wMXNs82w,K2p7Cz,Hosei,Kijima,DC,M,113400.00,113400.00,2026,Spring
PQsEiNPq,fwjhxG,Jackson,Hopkins,DC,M,157500.00,157833.00,2026,Spring
GlktAQZo,03Or2n,Jacob,Murrell,DC,F,113400.00,113400.00,2026,Spring
uisc2AB7,aVNBob,Jared,Stroud,DC,F,425000.00,467500.00,2026,Spring
lOCMVP1V,HrZjRd,Joao Gabriel,Martins Peglow,DC,F,375000.00,626312.00,2026,Spring
UXZpIhkI,Qjv4ck,Joon-hong,Kim,DC,GK,250000.00,349880.00,2026,Spring
BpNrBcDW,SiXveh,Jordan,Farr,DC,GK,113400.00,118400.00,2026,Spring
GwjuAm2H,MFcO27,Keisuke,Kurokawa,DC,D,550000.00,615500.00,2026,Spring
dFNvsaij,dWfBI0,Kye,Rowles,DC,D,550000.00,751667.00,2026,Spring
fuLDSOAp,TRZPVy,Louis,Munteanu,DC,F,1190000.00,1634100.00,2026,Spring
yBmQaXwb,vHjI0C,Lucas,Bartlett,DC,D,525000.00,585625.00,2026,Spring
SUWR5AvO,8d55fy,Matti,Peltola,DC,M,800000.00,876000.00,2026,Spring
fHcXE9vi,WlXs0l,Nikola,Markovic,DC,D,88025.00,93858.00,2026,Spring
kPM7VGaE,sOmzYW,Oscar,Avilez,DC,F,88025.00,108966.00,2026,Spring
fUiB7mzg,enrXcl,Richie,Aman,DC,M,88025.00,89025.00,2026,Spring
vH7Q3hQ8,5nYQQh,Sean,Johnson,DC,GK,883475.00,883475.00,2026,Spring
9bAypct4,YO5aN0,Sean,Nealis,DC,D,650000.00,723750.00,2026,Spring
JlgciTN5,lDu0xe,Silvan,Hefti,DC,D,370000.00,434833.00,2026,Spring
fg7xil2Z,dxX8Hf,Tai,Baribo,DC,F,2100000.00,2349000.00,2026,Spring
cbB778fd,Ruvy79,Ademar,Chavez,CIN,M,88025.00,113840.00,2026,Spring
o8ZO9oaa,CsZsiq,Alvas,Powell,CIN,D,285000.00,325750.00,2026,Spring
t9UGiCwD,NAVkcV,Andrei,Chirila,CIN,D,88025.00,98373.00,2026,Spring
4FYdLHKB,V1djgV,Ayoub,Jabbari,CIN,F,420000.00,474800.00,2026,Spring
a1D6UwOr,45YPYs,Brian,Schaefer,CIN,D,113400.00,120067.00,2026,Spring
pQxQcWj3,GUMtAV,Bryan,Ramirez,CIN,F,435000.00,684100.00,2026,Spring
cqqiYNBY,veenBQ,Ender,Echenique,CIN,F,356400.00,446580.00,2026,Spring
9dKHQdky,JGtXiW,Evan,Louro,CIN,GK,237500.00,259635.00,2026,Spring
fLd0sBIW,qvy0aQ,Evander,da Silva Ferreira,CIN,M,3200000.00,4736411.00,2026,Spring
5V4w5iUL,RfHms2,Fabian,Mrozek,CIN,GK,113400.00,150900.00,2026,Spring
Sia1l3XT,THVsLW,Gerardo,Valenzuela,CIN,M,125000.00,142542.00,2026,Spring
5QuQwYG5,cmffew,Gilberto,Flores,CIN,D,390000.00,436672.00,2026,Spring
t96Ln7QO,0JwXlj,Kenji,Mboma Dem,CIN,F,88025.00,88025.00,2026,Spring
30qjppCT,X0hKQl,Kevin,Denkey,CIN,F,3800000.00,3810000.00,2026,Spring
bPviKfJA,Mbg7PD,Kristian,Fletcher,CIN,F,113400.00,126733.00,2026,Spring
2SHhqU37,8McyhW,Kyle,Smith,CIN,D,113400.00,118400.00,2026,Spring
TBAQssFN,FIOEDf,Matt,Miazga,CIN,D,1639000.00,1639000.00,2026,Spring
OU3XeUus,PpXAIK,Miles,Robinson,CIN,D,3500000.00,3950000.00,2026,Spring
sEOTzik0,3GhcBV,Nick,Hagglund,CIN,D,113400.00,130067.00,2026,Spring
2qtcLvFP,7ZKHNB,Obinna,Nwobodo,CIN,M,1500000.00,1849724.00,2026,Spring
nMG5mdt3,cTXW2N,Paul,Walters,CIN,GK,113400.00,121367.00,2026,Spring
fNgT0Act,myktuY,Pavel,Bucha,CIN,M,499992.00,548774.00,2026,Spring
q7fRL2Il,SRwCmA,Roman,Celentano,CIN,GK,525000.00,574000.00,2026,Spring
b6hYN8Ii,JmGJIw,Samuel,Gidi,CIN,M,600000.00,671050.00,2026,Spring
Wm6GddDu,cOXJmm,Stefan,Chirila,CIN,F,113400.00,128180.00,2026,Spring
aqcxfJFT,GUqRku,Stiven,Jimenez,CIN,M,113400.00,113400.00,2026,Spring
wZuPxPTP,X6qAWs,Tah,Anunga,CIN,M,250000.00,262500.00,2026,Spring
F6nUWsqS,emHXll,Teenage,Hadebe,CIN,D,1080000.00,1230000.00,2026,Spring
a5KTJz1m,ERJie0,Tom,Barlow,CIN,F,113400.00,121733.00,2026,Spring
50FxrGjj,k9dLHz,Alvaro,Augusto,DAL,D,113400.00,125518.00,2026,Spring
UgZgjs5x,goXlWO,Anderson,Julio,DAL,F,750000.00,820000.00,2026,Spring
msT5zMnT,PG7ink,Bernard,Kamungo,DAL,F,250000.00,281000.00,2026,Spring
ZNA60b7P,IHeVdC,Brooks,Thompson,DAL,GK,113400.00,113400.00,2026,Spring
ak0rM97u,AtYij9,Caleb,Swann,DAL,M,88025.00,88025.00,2026,Spring
8KzTKj32,eLOXh1,Christian,Cappis,DAL,M,352000.00,352000.00,2026,Spring
En5uPgEm,T9O6rX,Daniel,Baran,DAL,F,88025.00,102241.00,2026,Spring
qgM8HLQo,Usf3Pa,Diego,Garcia,DAL,M,88025.00,101666.00,2026,Spring
7tJ25ky3,uXLXC6,Enes,Sali,DAL,F,350000.00,395000.00,2026,Spring
fuAigIgx,0KJf7h,Enzo,Newman,DAL,D,88025.00,88025.00,2026,Spring
6AU0Pnhn,kNa9r3,Geovane,de Jesus Rocha,DAL,D,400000.00,447000.00,2026,Spring
XyDIe5xC,WcI8qN,Herman,Johansson,DAL,M,600000.00,740000.00,2026,Spring
QL2k3xjQ,BuIoyF,Jaidyn,Contreras,DAL,F,88025.00,88025.00,2026,Spring
YlwjVq3C,syBor6,Joaquin,Valiente,DAL,M,400000.00,442022.00,2026,Spring
gY0fDx1X,qBFwBr,Jonathan,Sirois,DAL,GK,250000.00,267625.00,2026,Spring
aMN70kSq,WNlydA,Joshua,Torquato,DAL,D,88025.00,96025.00,2026,Spring
gS4DHxHC,pCOY3D,Kaick,da Silva Ferreira,DAL,M,200000.00,251900.00,2026,Spring
E4jyeKHW,rEhKWT,Kaka,Scabin,DAL,D,88025.00,88025.00,2026,Spring
K7cgLD0t,LGeMOB,Lalas,Abubakar,DAL,D,460000.00,495000.00,2026,Spring
8JYq0Inb,BG10W3,Logan,Farrington,DAL,F,350000.00,417000.00,2026,Spring
11SZnYUp,oH53s0,Louicius,Deedson,DAL,F,400000.00,450319.00,2026,Spring
MMXFKPOg,B26yrT,Michael,Collodi,DAL,GK,113400.00,125825.00,2026,Spring
adk5QXiu,1xk5Q2,Nicholas,Simmonds,DAL,F,88025.00,102704.00,2026,Spring
R6mR7MO2,x6gpeI,Nolan,Norris,DAL,D,200000.00,218642.00,2026,Spring
4MGRRj4h,6wLo0p,Osaze,Urhoghide,DAL,D,580000.00,643982.00,2026,Spring
NRZEYYgp,Clxk8J,Patrickson,Delgado,DAL,M,260000.00,286280.00,2026,Spring
txfgX2ls,EmedQk,Petar,Musa,DAL,F,2450000.00,2880000.00,2026,Spring
754E6kk4,VUUTgD,Ramiro,Moschen Benetti,DAL,M,575000.00,575000.00,2026,Spring
2RtRsHbx,S2fpSe,Ran,Binyamin,DAL,M,275000.00,302083.00,2026,Spring
ezDYKtiC,YinVRz,Ricky,Louis,DAL,F,88025.00,88858.00,2026,Spring
0a5IzCQs,PWdaRg,Sam,Sarver,DAL,F,113400.00,113400.00,2026,Spring
ecpAlhSE,59jtgX,Santiago,Moreno,DAL,F,803125.00,938387.00,2026,Spring
vkhtRPfO,WvsCPX,Sebastien,Ibeagha,DAL,D,730000.00,793625.00,2026,Spring
Y5ucZIis,CpdcXE,Shaq,Moore,DAL,D,800000.00,870000.00,2026,Spring
imWMwrga,KlfPZ7,Slade,Starnes,DAL,D,88025.00,93472.00,2026,Spring
E8QZO7p9,oXrUEs,Tsiki,Ntsabeleng,DAL,M,230000.00,257000.00,2026,Spring
pyylo9bI,4g7nPl,Agustin,Resch,HOU,D,88025.00,88025.00,2026,Spring
qDTthNK5,btU3ck,Agustin,Bouzat,HOU,M,624996.00,705746.00,2026,Spring
cRQmkMgq,wLStAc,Antonio Carlos,Cunha Capocasali Junior,HOU,D,750000.00,832676.00,2026,Spring
IfYoG2EF,dyjEdO,Blake,Gillingham,HOU,GK,88025.00,88025.00,2026,Spring
8fA2WMYL,ryTFNK,Diadie,Samassekou,HOU,M,714996.00,771871.00,2026,Spring
S266WjhO,jJ6suq,Duane,Holmes,HOU,M,550000.00,628000.00,2026,Spring
88zo5xuT,TdG29B,Erik,Sviatchenko,HOU,D,850000.00,925000.00,2026,Spring
yAeFI7GM,AwnCtI,Exon,Arzu,HOU,F,113400.00,117998.00,2026,Spring
XlzS682I,n1Eaka,Ezequiel,Ponce,HOU,F,2738012.00,3000212.00,2026,Spring
WG9xcvYM,nf4icp,Felipe,de Andrade Vieira,HOU,D,225000.00,252500.00,2026,Spring
O046O9LQ,YthKDS,Franco,Negri,HOU,D,113400.00,115605.00,2026,Spring
t5UGToSE,kGFKNM,Guilherme,,HOU,F,1528572.00,1925230.00,2026,Spring
qtMQ8X19,xJSPr9,Hector,Herrera,HOU,M,525000.00,568750.00,2026,Spring
nStSy0l0,yftAuU,Ibrahim,Aliyu,HOU,F,525000.00,576379.00,2026,Spring
AkosKAMk,zpqry4,Jack,McGlynn,HOU,M,776000.00,910320.00,2026,Spring
nBaqB0wd,AcehZZ,Jimmy,Maurer,HOU,GK,225000.00,225000.00,2026,Spring
cJFCbVm5,AdtYHT,Jonathan,Bond,HOU,GK,750000.00,809704.00,2026,Spring
MawfJCCX,gxHlLE,Artur,de Lima,HOU,M,875004.00,958379.00,2026,Spring
WmADZfXv,rHfNvk,Lawrence,Ennali,HOU,F,500000.00,574250.00,2026,Spring
sqnm2Cw4,WkNrLg,Logan,Erb,HOU,GK,88025.00,93373.00,2026,Spring
K9UATRxS,UZA7pE,Lucas,Halter,HOU,D,1265004.00,1416921.00,2026,Spring
005qnetw,VlbbYE,Mateusz,Bogusz,HOU,M,2349996.00,2521048.00,2026,Spring
o2pf0RAQ,aRTM0N,Matthew,Arana,HOU,M,88025.00,101986.00,2026,Spring
HIWAby0a,RzIcn3,Nick,Markanich,HOU,F,184962.00,202778.00,2026,Spring
3M7s5ulk,nKd6rU,Ondrej,Lingr,HOU,M,849996.00,938074.00,2026,Spring
0PCbXbhB,CiwWxZ,Reese,Miller,HOU,D,88025.00,92668.00,2026,Spring
iPauBzWI,OsFZC9,Sam,Vines,HOU,D,900000.00,912500.00,2026,Spring
qs833IYo,VQV5Mz,Sebastian,Rodriguez,HOU,M,88025.00,96675.00,2026,Spring
q9C00bHU,tpgn98,Toyosi,Olusanya,HOU,F,418000.00,463219.00,2026,Spring
4WrTJ9BS,UnRQKK,Alexander,Shaw,MIA,M,88025.00,88025.00,2026,Spring
mJqaECwm,rgIjtC,Daniel,Pinter,MIA,F,88025.00,88025.00,2026,Spring
LpJrAFwH,Lig8F1,David,Ruiz,MIA,M,200000.00,231887.00,2026,Spring
e6nElmgG,wBbthZ,David,Ayala,MIA,M,650000.00,771000.00,2026,Spring
pHZneYt3,wKV7zK,Dayne,St. Clair,MIA,GK,745313.00,808730.00,2026,Spring
bPyC2ZeJ,5dQ27f,Ezequiel,Abadia-Reda,MIA,D,88025.00,88025.00,2026,Spring
9GziE1od,y0aMB4,Facundo,Mura,MIA,D,850000.00,1026875.00,2026,Spring
RsLCDfwm,fSBXvy,German,Berterame,MIA,F,2800000.00,3824200.00,2026,Spring
9ivnQ3Mt,eEQWvm,Gonzalo,Lujan,MIA,D,630000.00,921750.00,2026,Spring
J9DdSNun,qLZ1oS,Ian,Fray,MIA,D,375000.00,429000.00,2026,Spring
jMJHNPZJ,qsnC4y,Israel,Boatwright,MIA,D,113400.00,115400.00,2026,Spring
KBuCLRkU,f5LSPK,Lionel,Messi,MIA,F,25000000.00,28333333.00,2026,Spring
AIu1LqZf,bJV2Ff,Luis,Barraza,MIA,GK,113400.00,120900.00,2026,Spring
4Hh7Trav,h8YhHp,Luis,Suarez,MIA,F,803125.00,803125.00,2026,Spring
2GiBN2oh,Um2r5Z,Mateo,Silvetti,MIA,F,550000.00,607078.00,2026,Spring
uPhuP1hi,4p5jPn,Maximiliano,Falcon,MIA,D,600000.00,674250.00,2026,Spring
BJFh83uI,NvMVNo,Micael,dos Santos Silva,MIA,D,750000.00,892440.00,2026,Spring
6F9gp6ci,EXqzb8,Noah,Allen,MIA,D,375000.00,434653.00,2026,Spring
lG39JADR,MeyM0E,Rocco,Rios Novo,MIA,GK,200000.00,224100.00,2026,Spring
y7PocF9G,cY2wwT,Rodrigo,De Paul,MIA,M,7569000.00,9688320.00,2026,Spring
rsc2ujI9,uwPQzO,Santiago,Morales,MIA,M,130000.00,138333.00,2026,Spring
HtZInuNd,IAK8p4,Sergio,Reguilon,MIA,D,1700000.00,1800000.00,2026,Spring
7lCBOwJW,KMJZpr,Tadeo,Allende,MIA,F,625000.00,1000000.00,2026,Spring
5YwVu8Wp,Lq8lo5,Telasco,Segovia,MIA,M,325000.00,360000.00,2026,Spring
sJ8WGMIU,bSacoi,Tyler,Hall,MIA,D,113400.00,113400.00,2026,Spring
JUigT0zy,Yd6Dee,Yannick,Bright,MIA,M,385000.00,464192.00,2026,Spring
la88JRhg,Rzpy85,Benja,Cremaschi,MIA,M,425000.00,527500.00,2026,Spring
MleDmaXx,SYuJFn,Ascel,Essengue,LA,D,88025.00,88025.00,2026,Spring
CvidaIYi,5NmNkE,Brady,Scott,LA,GK,113400.00,113400.00,2026,Spring
5zvEmQqH,fyKdS9,Carlos,Garces,LA,D,480000.00,518000.00,2026,Spring
3JxW8Rnc,HplY77,Chris,Rindov,LA,D,113400.00,122150.00,2026,Spring
6cnyHJwT,i6P8hs,Edwin,Cerrillo,LA,M,650000.00,662500.00,2026,Spring
WFFXW8iA,QIgXHP,Elijah,Wynder,LA,M,325000.00,352208.00,2026,Spring
GWuX6xIs,3msDVm,Erik,Thommy,LA,M,600000.00,706667.00,2026,Spring
YaxX8kZG,LK1Qm8,Gabriel,Fortes Chaves,LA,F,1680000.00,2459000.00,2026,Spring
qUrIZEfx,SwOE5r,Gino,Vivi,LA,F,113400.00,113400.00,2026,Spring
GXXTboZW,YNdXOw,Harbor,Miller,LA,D,88025.00,88025.00,2026,Spring
ynM4mpn2,e6Mheb,Isaiah,Parente,LA,M,113400.00,113400.00,2026,Spring
DHHIqWLN,R4qjCF,Jakob,Glesnes,LA,D,826087.00,1268503.00,2026,Spring
TOFvi66k,4DVi8V,Joao,Klauss de Mello,LA,F,2187500.00,2915000.00,2026,Spring
EoYwO6xA,w3Dbfq,John,Nelson,LA,D,350000.00,350000.00,2026,Spring
SXbP6ONt,fB6qyS,Joseph,Paintsil,LA,F,3456000.00,4502000.00,2026,Spring
tzAqaTa8,tXNgqg,JT,Marcinkowski,LA,GK,302000.00,302000.00,2026,Spring
BiLgFBKA,8qrLjT,Julian,Aude,LA,D,375000.00,385000.00,2026,Spring
4vkAs3p5,6rylpv,Justin,Haak,LA,D,752841.00,810561.00,2026,Spring
xeJSV1Zj,nN5GbF,Lucas,Sanabria,LA,M,640000.00,742800.00,2026,Spring
VUPsgBGA,49FixR,Marco,Reus,LA,M,604364.00,902364.00,2026,Spring
Cudp60xq,7jqtkV,Matheus,Nascimento de Paula,LA,F,650000.00,707000.00,2026,Spring
tCDhTqcF,cJ1aFl,Mauricio,Cuevas,LA,D,250000.00,268500.00,2026,Spring
yxpaD39g,MWncZP,Maya,Yoshida,LA,D,640000.00,715781.00,2026,Spring
AQ34ePOu,ghX5T6,Miki,Yamane,LA,D,850000.00,916667.00,2026,Spring
8ZUTCZWH,77gTXx,Novak,Micovic,LA,GK,200000.00,200000.00,2026,Spring
ksyQzt2u,cRM5Zv,Riqui,Puig,LA,M,5125000.00,5792188.00,2026,Spring
CICCDDBL,3KWaKs,Riley,Dalgado,LA,D,88025.00,88025.00,2026,Spring
coiyFITX,iXvxrl,Ruben,Ramos,LA,M,113400.00,113400.00,2026,Spring
RjL3eTh4,Nu3quC,Tucker,Lepley,LA,M,113400.00,115086.00,2026,Spring
ZQQD1oZR,Z33fQJ,Aaron,Long,LAFC,D,445000.00,1050000.00,2026,Spring
4DpwWjQh,5uVJCV,Adrian,Wibowo,LAFC,F,113400.00,113400.00,2026,Spring
ZPQPzDKG,zwouvw,Amin,Boudri,LAFC,M,650000.00,742000.00,2026,Spring
a9H8Oe8r,clQDJv,Artem,Smolyakov,LAFC,D,550000.00,613297.00,2026,Spring
nYJo4jE3,DPPTLV,Cabral,Carter,LAFC,GK,88025.00,91775.00,2026,Spring
vvvQGJfG,MX7Hqf,Christian,Diaz,LAFC,D,88025.00,88025.00,2026,Spring
kc6YlkSW,kj7uy3,David,Martinez,LAFC,F,550000.00,550000.00,2026,Spring
I4qXZLW8,BGR3OI,Denis,Bouanga,LAFC,F,4000000.00,4939217.00,2026,Spring
OGWQ2B6U,fUEfHh,Eddie,Segura,LAFC,D,722500.00,722500.00,2026,Spring
BVK5d29u,xbFiA6,Heung-min,Son,LAFC,F,10368750.00,11152852.00,2026,Spring
RGDYVAvC,jzRpy8,Hugo,Lloris,LAFC,GK,800000.00,800000.00,2026,Spring
A6yKVrs4,RYxORT,Igor,Jesus Lima,LAFC,M,625000.00,691684.00,2026,Spring
br8IHnwD,u8feyB,Jacob,Shaffelburg,LAFC,F,475000.00,520000.00,2026,Spring
X41cdGYq,E3ukys,Jeremy,Ebobisse,LAFC,F,722500.00,722500.00,2026,Spring
DrktHzjn,M1HU2U,Jude,Terry,LAFC,M,113400.00,149798.00,2026,Spring
rQksyJXl,RoN0CI,Kenny,Nielsen,LAFC,D,88025.00,88025.00,2026,Spring
h6vA5fkx,luXodc,Lorenzo,Dellavalle,LAFC,D,113400.00,117150.00,2026,Spring
3ocuibEx,CVrvYc,Mark,Delgado,LAFC,M,1055000.00,1055000.00,2026,Spring
LvB886AG,KhQz5C,Mathieu,Choiniere,LAFC,M,725000.00,725000.00,2026,Spring
uZrxicHt,wLtpwJ,Matt,Evans,LAFC,M,88025.00,88025.00,2026,Spring
OfdVowfM,Jo3Z7P,Nathan,Ordaz,LAFC,F,500000.00,545000.00,2026,Spring
ngX4phQW,5hLXAg,Nkosi,Tafari,LAFC,D,481500.00,481500.00,2026,Spring
CoWfJocj,lqQLml,Ryan,Hollingshead,LAFC,D,550000.00,550000.00,2026,Spring
mvpWAi48,AgT3fx,Ryan,Raposo,LAFC,M,220000.00,220000.00,2026,Spring
uAmdwR1n,etkYZD,Ryan,Porteous,LAFC,D,725000.00,760260.00,2026,Spring
d0jRkFbA,Ijn3x2,Sergi,Palencia,LAFC,D,725000.00,745000.00,2026,Spring
eKHWGuAk,zQ3Hoy,Stephen,Eustaquio,LAFC,M,1800000.00,1800000.00,2026,Spring
rJKZqHzB,ephAWk,Thomas,Hasal,LAFC,GK,200000.00,210133.00,2026,Spring
lWSEDk6k,XrNUj3,Timothy,Tillman,LAFC,M,825000.00,881400.00,2026,Spring
vnSNUpbY,we5Zpa,Tyler,Boyd,LAFC,F,1430000.00,1435000.00,2026,Spring
iYjMOdYe,dl6O5J,Alec,Smir,MNUFC,GK,113400.00,113400.00,2026,Spring
c5viqmNL,DmaHrR,Anthony,Markanich Jr.,MNUFC,D,350000.00,395700.00,2026,Spring
uVsK9rLG,J9RPyz,Bongokuhle,Hlongwane,MNUFC,F,1000000.00,1142500.00,2026,Spring
HLZCpuHC,tmCAlx,Carlos,Harvey,MNUFC,M,285000.00,317063.00,2026,Spring
ivUgcIox,EDpmum,D.J.,Taylor,MNUFC,D,210000.00,240117.00,2026,Spring
tyu7blI4,HS7vOL,Darius,Randell,MNUFC,F,88025.00,98419.00,2026,Spring
K97bp786,A2FACu,Devin,Padelford,MNUFC,D,160000.00,179500.00,2026,Spring
vJ71t4z4,GEbMkH,Dominik,Fitz,MNUFC,M,890000.00,893000.00,2026,Spring
LhvcJW3D,Zoh00k,Drake,Callender,MNUFC,GK,450000.00,505917.00,2026,Spring
mgklNQCG,hNyi6I,James,Rodriguez,MNUFC,M,684000.00,684000.00,2026,Spring
FhbSXHnK,S3w7gO,Jefferson,Diaz,MNUFC,D,435000.00,435000.00,2026,Spring
uDsCS6CF,9NiPXR,Joaquin,Pereyra,MNUFC,M,900000.00,1089000.00,2026,Spring
KTf7tUP7,14Kf39,Jordan,Adebayo-Smith,MNUFC,F,113400.00,130620.00,2026,Spring
uRshwK4R,705d11,Julian,Gressel,MNUFC,M,1204005.00,1204005.00,2026,Spring
7DRULe6C,a7elUv,Kelvin,Yeboah,MNUFC,F,1360000.00,1562700.00,2026,Spring
V52dKiNN,AlSou3,Kenyel,Michel,MNUFC,F,113400.00,113400.00,2026,Spring
R6ie4Uvi,6oCBQJ,Kieran,Chandler,MNUFC,D,88025.00,88025.00,2026,Spring
wMvs4hEM,lmKHWE,Kyle,Duncan,MNUFC,D,400000.00,437889.00,2026,Spring
w4PvFt6f,3mXamf,Mamadou,Dieng,MNUFC,F,88025.00,91172.00,2026,Spring
hlmHvxCA,Ei4QuF,Marcus,Caldeira,MNUFC,F,88025.00,88025.00,2026,Spring
7OWsuqQg,Xd1KXs,Mauricio,Gonzalez,MNUFC,F,240000.00,240000.00,2026,Spring
3G26ZVmE,Q1MetB,Michael,Boxall,MNUFC,D,800000.00,927500.00,2026,Spring
WhIpSONJ,K5eSuw,Morris,Duggan,MNUFC,D,113400.00,113400.00,2026,Spring
kP3fTPvT,gVRJD0,Nectarios,Triantis,MNUFC,M,670000.00,732665.00,2026,Spring
SUghVeGl,AdWXcK,Nicolas,Romero,MNUFC,D,455000.00,492500.00,2026,Spring
NRMfeuYq,TavnW1,Owen,Gene,MNUFC,M,420000.00,450100.00,2026,Spring
xzfL0qVX,rETzJj,Peter,Stroud,MNUFC,M,185000.00,223083.00,2026,Spring
9RNdUFx6,6d3iWE,Tomas,Chancalay,MNUFC,F,1150000.00,1274375.00,2026,Spring
OGcqqiN0,DQeDCd,Wil,Trapp,MNUFC,M,550000.00,602500.00,2026,Spring
QmBc3Hkl,IkUXuz,Britton,Fischer,MNUFC,D,88025.00,88025.00,2026,Spring
HxOt1lIP,jQ4Pau,Ho-yeon,Jung,MNUFC,M,131000.00,168039.00,2026,Spring
0EXXTQ8A,kO1FKN,Kayne,Rizvanovich,MNUFC,GK,88025.00,90347.00,2026,Spring
Z2VHif5C,AiYSce,Matus,Kmet,MNUFC,D,210000.00,227469.00,2026,Spring
VD5xM4Jq,ktP12A,Wessel,Speel,MNUFC,GK,113400.00,113400.00,2026,Spring
iPVKnkxy,QLOAL8,Dominique,Badji,MLS,F,400000.00,435000.00,2026,Spring
Tj3mwvLT,y18eKu,Nelson,Quinones,MLS,F,276996.00,297890.00,2026,Spring
YEK9gYiC,s04Kjl,Paxton,Pomykal,MLS,M,1200000.00,1308000.00,2026,Spring
oxameRrK,zmwhuJ,Joakim,Nilsson,MLS,D,1221175.00,1289675.00,2026,Spring
EYVmXNXr,t3DC6p,Jonathan,Rodriguez,MLS,F,2050000.00,2902500.00,2026,Spring
1aLP226p,8IMDWE,Adem,Sipic,NSH,F,113400.00,142226.00,2026,Spring
6UO47Ajl,kIOckp,Ahmed,Qasem,NSH,F,650000.00,650000.00,2026,Spring
nD1Ob6Ry,8cmz8u,Alex,Muyl,NSH,F,655000.00,655000.00,2026,Spring
P6XpCel7,NjAs23,Andy,Najar,NSH,D,550000.00,603333.00,2026,Spring
m9ECTu1f,kuzD2m,Brian,Schwake,NSH,GK,150000.00,166800.00,2026,Spring
RdB0IEOC,KR2qnF,Bryan,Acosta,NSH,M,185000.00,200500.00,2026,Spring
7CN6Cxgr,23lTc7,Charles-Emile,Brunet,NSH,M,88025.00,88025.00,2026,Spring
GPaeKUgn,m3aJg2,Christopher,Applewhite,NSH,D,88025.00,97470.00,2026,Spring
ugocP0iH,O0Tte6,Cristian,Espinoza,NSH,F,1958333.00,2343567.00,2026,Spring
5CRtyaFn,MKnnK5,Daniel,Lovitz,NSH,D,410000.00,427500.00,2026,Spring
3vh5w0ZK,nZkHOZ,Edvard,Tagseth,NSH,M,720000.00,736667.00,2026,Spring
HHL6JmLg,up30uj,Hany,Mukhtar,NSH,M,4000000.00,5411667.00,2026,Spring
Ncjyftfd,5gStrH,Isaiah,LeFlore,NSH,D,88025.00,88025.00,2026,Spring
kMLUHtGg,hwNiN6,Isaiah,Jones,NSH,M,113400.00,117400.00,2026,Spring
R28IzaPK,BCilxo,Jack,Maher,NSH,D,900000.00,995467.00,2026,Spring
ZLEwl2Hb,UfXYot,Jeison,Palacios,NSH,D,700000.00,1097500.00,2026,Spring
4BobpCsP,smhpbA,Joe,Willis,NSH,GK,200000.00,216000.00,2026,Spring
vT9ZjThX,qsvdg0,Jordan,Knight,NSH,D,88025.00,93858.00,2026,Spring
vG1vyVHc,Cl8aCU,Josh,Bauer,NSH,D,230000.00,253667.00,2026,Spring
XfWWVmXV,pvfrfm,Malachi,Molina,NSH,D,88025.00,100741.00,2026,Spring
htMXKZ6H,4ztctv,Matthew,Corcoran,NSH,M,113400.00,135668.00,2026,Spring
MRM2wuCx,4oQXWf,Maxwell,Woledzi,NSH,D,650000.00,667500.00,2026,Spring
FRkNHRgf,guPXD0,Patrick,Yazbek,NSH,M,500000.00,616013.00,2026,Spring
QuWHCcJu,ZslpYA,Reed,Baker-Whiting,NSH,D,275000.00,283000.00,2026,Spring
rXTHpHQx,zTZ5d3,Sam,Surridge,NSH,F,5280000.00,5933000.00,2026,Spring
Z8hoLuAG,rRJcQi,Shak,Mohammed,NSH,F,88025.00,89692.00,2026,Spring
FsUalvWD,TUhSOi,Thomas,Williams,NSH,D,150000.00,163875.00,2026,Spring
M8lUjn6A,cBrBgg,Warren,Madrigal,NSH,F,350000.00,403500.00,2026,Spring
O6K9CQNg,7dJXAM,Woobens,Pacius,NSH,F,113400.00,113400.00,2026,Spring
ALJ1CZrL,Agdupb,Xavier,Valdez,NSH,GK,88025.00,98025.00,2026,Spring
SCOg6J8I,I9pP1J,Alhassan,Yusuf,NE,M,900000.00,995311.00,2026,Spring
Gyi66Xug,FkLXq5,Allan,Oyirwoth,NE,M,125000.00,141000.00,2026,Spring
HwbXrIhk,q6v3Kf,Andrew,Farrell,NE,D,113400.00,113400.00,2026,Spring
j8dEMmsN,P0Se9S,Brayan,Ceballos,NE,D,775000.00,855625.00,2026,Spring
WJv7n3IA,1HH6Xx,Brooklyn,Raines,NE,M,400000.00,443250.00,2026,Spring
CjRtPRo0,LrPgZw,Carles,Gil,NE,M,4500000.00,4952083.00,2026,Spring
2PuBsiX4,d0EQgN,Cristiano,Oliveira,NE,M,88025.00,99025.00,2026,Spring
BsxBFxpc,9vZhG2,Damario,McIntosh,NE,D,113400.00,122349.00,2026,Spring
Pf4w671f,5kpuwp,Diego,Fagundez,NE,F,300000.00,316250.00,2026,Spring
jRbx1BL9,vH0MfQ,Donovan,Parisian,NE,GK,88025.00,88025.00,2026,Spring
wrtTmgSt,RJV8dC,Dor,Turgeman,NE,F,800000.00,800000.00,2026,Spring
kjQ93ZtH,tvk63n,Eric,Klein,NE,D,88025.00,94302.00,2026,Spring
HuDfNFvm,0XgFHP,Ethan,Kohler,NE,D,280000.00,308800.00,2026,Spring
Kx4vSwG1,Vzzcyn,Griffin,Yow,NE,F,675000.00,810875.00,2026,Spring
QGVUrc9E,vCmeRa,Ilay,Feingold,NE,D,575000.00,575000.00,2026,Spring
AwNIDR1I,9TURpk,Jack,Panayotou,NE,M,140000.00,142000.00,2026,Spring
BHGTXLcg,o1aCvV,Jackson,Yueill,NE,M,1141087.00,1141087.00,2026,Spring
A1pIpnIM,GImjvE,JD,Gunn,NE,GK,113400.00,116181.00,2026,Spring
La8kF8bC,906Y56,Keegan,Hughes,NE,D,113400.00,113400.00,2026,Spring
s91mFdg0,irwlvY,Leonardo,Campana,NE,F,1494992.00,1617325.00,2026,Spring
pIsWobOO,LZGGqh,Luca,Langoni,NE,F,715000.00,787283.00,2026,Spring
DbTPTqMv,qzoROE,Malcolm,Fry,NE,F,113400.00,118960.00,2026,Spring
QkU6lDZV,t2Pehj,Mamadou,Fofana,NE,D,800000.00,916250.00,2026,Spring
JQ1MWKbe,p0l0LZ,Marcos,Zambrano,NE,F,113400.00,135659.00,2026,Spring
6xzByJmd,Z2zxOt,Matt,Turner,NE,GK,1776136.32,1942886.32,2026,Spring
6hSXj42c,cQ8Kia,Matt,Polster,NE,M,675000.00,733333.00,2026,Spring
Q6mnEMMA,auH7mg,Peyton,Miller,NE,D,113400.00,115400.00,2026,Spring
D6nu2XIG,9PZhMt,Santiago,Suarez,NE,D,120000.00,133222.00,2026,Spring
8YaiqoUl,WfOmj1,Tanner,Beason,NE,D,350000.00,350000.00,2026,Spring
m9DItmhE,qzBy7b,Will,Sands,NE,D,325000.00,333333.00,2026,Spring
36y72zvq,en7AYF,Agustin,Ojeda,NYC,F,540000.00,607833.00,2026,Spring
b6vSlwTo,kEwxJ6,Aiden,O'Neill,NYC,M,600000.00,630938.00,2026,Spring
NcUDkknq,YaMogq,Alonso,Martinez,NYC,F,750000.00,850333.00,2026,Spring
EaWZJ8nv,t6kRMg,Andres,Perea,NYC,M,695000.00,757000.00,2026,Spring
I7YQ4cI1,wuq6ap,Cooper,Flax,NYC,F,88025.00,88025.00,2026,Spring
o2TADEB1,fzAkmD,Drew,Baiera,NYC,D,113400.00,119336.00,2026,Spring
Ywykv8w8,emf0bR,Greg,Ranjitsingh,NYC,GK,113400.00,113400.00,2026,Spring
SCiaN5Nv,LmvogD,Hannes,Wolf,NYC,F,1400000.00,1510000.00,2026,Spring
ary9r2y5,hI7qce,Jacob,Arroyave,NYC,M,113400.00,126398.00,2026,Spring
U5ySIM4C,sKRoJ3,James,Sands,NYC,M,1250000.00,1318750.00,2026,Spring
Y03s6o9x,3jtVeQ,Jonathan,Shore,NYC,M,113400.00,125900.00,2026,Spring
q77RAcQc,8lIhZM,Jovan,Mijatovic,NYC,F,700000.00,737500.00,2026,Spring
k2x6ZDWP,Mt9E91,Julian,Fernandez,NYC,F,720000.00,784300.00,2026,Spring
CsGp5T3O,9QwYSu,Kai,Trewin,NYC,M,275000.00,311542.00,2026,Spring
FqKHQ8B2,7KC7xh,Kamran,Acito,NYC,D,88025.00,88025.00,2026,Spring
1tlxDYYS,o5Bcq0,Keaton,Parks,NYC,M,1000000.00,1130000.00,2026,Spring
23RvBlT6,20KywG,Kevin,O'Toole,NYC,D,300000.00,323333.00,2026,Spring
wH2YZcnW,vHHKlo,Kevin,Pierre Jr.,NYC,M,88025.00,90226.00,2026,Spring
UjYLMOTm,mX7Our,Mac,Learned,NYC,GK,88025.00,88025.00,2026,Spring
ZCFZ1fjA,a64eeN,Malachi,Jones,NYC,F,113400.00,113400.00,2026,Spring
VSSWUJ5S,Iem4bZ,Matt,Freese,NYC,GK,675000.00,795833.00,2026,Spring
iRjLML93,Rt4uDB,Max,Murray,NYC,D,88025.00,89873.00,2026,Spring
IRed8Prc,i6RBJe,Maxi,Moralez,NYC,M,480000.00,500000.00,2026,Spring
DhiAAZas,l8xhzA,Maximo,Carrizo,NYC,M,150000.00,183523.00,2026,Spring
aw1aG0UR,lULyQ0,Mitja,Ilenic,NYC,M,300000.00,391700.00,2026,Spring
1jh64zX8,2WT4cw,Nico,Cavallo,NYC,D,113400.00,115248.00,2026,Spring
VlDTcax3,0xroUl,Nicolas,Fernandez Mercau,NYC,F,3650000.00,3650000.00,2026,Spring
w16dzQXN,GlfN7r,Peter,Molinari,NYC,M,88025.00,92654.00,2026,Spring
M4nRpjDV,re1vel,Raul Gustavo,,NYC,D,720000.00,812960.00,2026,Spring
FoVbEDR0,KI2zSJ,Seymour,Reid,NYC,F,88025.00,102840.00,2026,Spring
hQKwaXs3,JUU7Lr,Strahinja,Tanasijevic,NYC,D,300000.00,368750.00,2026,Spring
hqdBV6GY,DORm5z,Talles Magno,,NYC,F,1250000.00,1365000.00,2026,Spring
Vlhhb9Lk,ZxbynD,Tayvon,Gray,NYC,D,550000.00,664000.00,2026,Spring
IiyKPPHR,FvXpYN,Thiago,Martins,NYC,D,1800000.00,2262000.00,2026,Spring
yP797eJN,Ih15eD,Tomas,Romero,NYC,GK,113400.00,113400.00,2026,Spring
T63yHYTA,aijcbl,Zidane,Yanez,NYC,F,113400.00,117567.00,2026,Spring
h99KAswN,clQi4j,Adri,Mehmeti,RBNY,M,113400.00,158980.00,2026,Spring
5brJttJw,DKH3v4,Aidan,Stokes,RBNY,GK,113400.00,130168.00,2026,Spring
gmdx6chi,C40z2E,Aiden,Jarvis,RBNY,M,88025.00,105110.00,2026,Spring
YnLufbiJ,amfmjV,AJ,Marcucci,RBNY,GK,205000.00,230060.00,2026,Spring
VI0klSgU,YXPgPm,Andy,Rojas,RBNY,F,185000.00,213131.00,2026,Spring
4iG47HVj,01zk3j,Cade,Cowell,RBNY,F,900000.00,1182500.00,2026,Spring
ETiYZkqt,THh91z,Cameron,Harper,RBNY,F,390000.00,431750.00,2026,Spring
S30pUPdD,qY00r6,Dennis,Gjengaar,RBNY,F,380000.00,438769.00,2026,Spring
VbM1TEXy,SrHBIV,Dylan,Nealis,RBNY,D,412500.00,412500.00,2026,Spring
eEgXLIEu,yVFTz5,Emil,Forsberg,RBNY,F,5405000.00,6035625.00,2026,Spring
GBXGRzpx,WjuWW7,Eric-Maxim,Choupo-Moting,RBNY,F,3200000.00,3530667.00,2026,Spring
C5pPeUaR,idNLEY,Ethan,Horvath,RBNY,GK,424992.00,524909.00,2026,Spring
TnWuBP92,1dFEl3,Gustav,Berggren,RBNY,M,1200000.00,1310000.00,2026,Spring
KIbcfbPl,WixqYt,Jahkeele,Marshall-Rutty,RBNY,D,425000.00,473750.00,2026,Spring
yO6I9n4a,w2UTtX,John,McCarthy,RBNY,GK,525000.00,589167.00,2026,Spring
CIjpra4I,xmXlfb,Jorge,Ruvalcaba,RBNY,F,720000.00,788528.00,2026,Spring
9GkhKkeB,tolHwJ,Juan,Mina,RBNY,D,175000.00,190432.00,2026,Spring
ghGWP8dD,icr1q7,Julian,Hall,RBNY,F,175000.00,257241.00,2026,Spring
ckiAOa4G,P4txon,Justin,Che,RBNY,D,440000.00,501667.00,2026,Spring
VdYjlhqL,svC3z8,Marcelo,Morales,RBNY,D,325000.00,472375.00,2026,Spring
hPEpCUKi,rjbNMr,Matthew,Dos Santos,RBNY,D,88025.00,104756.00,2026,Spring
sVPDZCJr,T3Yj9v,Mohammed,Sofo,RBNY,F,150000.00,208000.00,2026,Spring
SIeqiGX5,SomdN4,Nehuen,Benedetti,RBNY,M,160000.00,194800.00,2026,Spring
NQ9MZjVt,bGYsSA,Omar,Valencia,RBNY,D,130000.00,142375.00,2026,Spring
wuy5DP2P,lN0Ooe,Rafael,Mosquera,RBNY,F,88025.00,99925.00,2026,Spring
4SOdmyEt,FSNzHc,Roald,Mitchell,RBNY,F,125000.00,145408.00,2026,Spring
dp1VFPB2,kKXiX3,Robert,Voloder,RBNY,D,575000.00,685250.00,2026,Spring
KhIQxLct,YBq3qj,Ronald,Donkor,RBNY,M,150000.00,175400.00,2026,Spring
odFpKbmq,mbMo3p,Serge,Ngoma,RBNY,F,205000.00,233700.00,2026,Spring
JwrlH7xo,mgvjAc,Tanner,Rosborough,RBNY,F,88025.00,105043.00,2026,Spring
6olilwYv,UXHZ8u,Tim,Parker,RBNY,D,350000.00,387500.00,2026,Spring
nSSWuiRj,FnHTaG,Tobias,Szewczyk,RBNY,GK,88025.00,110640.00,2026,Spring
QX9lt00q,NzY9A7,Wiktor,Bogacz,RBNY,F,420000.00,546240.00,2026,Spring
GosO469p,0YRd0W,Julian,Bazan,RBNY,D,274992.00,312825.00,2026,Spring
TkRwxG3K,VEza7T,Joyeux,Masanka Bungi,RBNY,M,210000.00,222500.00,2026,Spring
HIq8VFdM,trGXbj,Adrian,Marin,ORL,D,525000.00,577972.00,2026,Spring
ezKlxzew,9btnNl,Braian,Ojeda,ORL,M,725000.00,910500.00,2026,Spring
75q3w7wB,YKJ6Dk,Colin,Guske,ORL,M,88025.00,98830.00,2026,Spring
kO4CXAue,jHUSTi,David,Brekalo,ORL,D,600000.00,683000.00,2026,Spring
xjF4Rrar,keuWlX,Duncan,McGuire,ORL,F,600000.00,921000.00,2026,Spring
sc78wNMu,mCFV02,Eduard,Atuesta,ORL,M,687500.00,825250.00,2026,Spring
sp8kc4VB,TRdy6D,Griffin,Dorsey,ORL,D,700000.00,767891.00,2026,Spring
fnp5uIR8,vtOwWR,Gustavo,Caraballo,ORL,F,88025.00,94400.00,2026,Spring
lE4hus4i,PcpIQd,Harvey,Sarajian,ORL,F,88025.00,88025.00,2026,Spring
ZiNxEdjc,MCCY19,Iago Teodoro,,ORL,D,500000.00,551875.00,2026,Spring
R8DUs4vj,nfOisx,Ivan,Angulo,ORL,F,549996.00,582656.00,2026,Spring
yhp9NRrM,N6X7Wf,Javier,Otero,ORL,GK,160000.00,163750.00,2026,Spring
lcJGlz37,WoDOMg,Joran,Gerbet,ORL,M,113400.00,113400.00,2026,Spring
3XvCNHd3,XY1mjc,Justin,Ellis,ORL,F,88025.00,112424.00,2026,Spring
jMA846Mf,WUYxZb,Luis Otavio,,ORL,M,500000.00,569000.00,2026,Spring
5Rm8irRv,B67KlL,Marco,Pasalic,ORL,F,1600000.00,1650667.00,2026,Spring
7IHxkcVJ,HceHXB,Martin,Ojeda,ORL,M,1600000.00,1778200.00,2026,Spring
xh5Xskgo,Xq2uLZ,Maxime,Crepeau,ORL,GK,600000.00,600000.00,2026,Spring
FzltCBOw,QX4wIf,Nicolas,Rodriguez,ORL,F,210000.00,230500.00,2026,Spring
lznUmbKY,vjzxg5,Nolan,Miller,ORL,D,88025.00,88025.00,2026,Spring
EgccoHQz,FBXaHz,Robin,Jansson,ORL,D,500000.00,530000.00,2026,Spring
AUuQCF1L,fA89Im,Tahir,Reid-Brown,ORL,D,125000.00,139508.00,2026,Spring
hgyOv9iI,HTtcg2,Tiago,,ORL,F,500000.00,600250.00,2026,Spring
AnOsGqSz,jw5TdH,Tyrese,Spicer,ORL,F,275000.00,311875.00,2026,Spring
xoFLxjdZ,TUZrUt,Wilder,Cartagena,ORL,M,480000.00,530250.00,2026,Spring
bu9c54V8,tQxXXK,Yutaro,Tsukada,ORL,F,113400.00,113400.00,2026,Spring
OF78DPyr,LtnSka,Zakaria,Taifi,ORL,D,88025.00,99923.00,2026,Spring
ulDl9pAM,Pd0kSU,Agustin,Anello,PHI,F,500000.00,539630.00,2026,Spring
nwHZ5AJ8,PDToh6,Alejandro,Bedoya,PHI,M,113400.00,226800.00,2026,Spring
8DnXZ6AH,GOGlZc,Andre,Blake,PHI,GK,1000000.00,1181250.00,2026,Spring
xuLPY6Uf,w1GUgF,Andrew,Rick,PHI,GK,113400.00,123315.00,2026,Spring
F9QhsNpM,xlSfSt,Ben,Bender,PHI,M,140000.00,149667.00,2026,Spring
FwtgWRSU,hhHOuG,Bruno,Damiani,PHI,F,720000.00,847600.00,2026,Spring
6AdKQpy7,Fp3Rc2,Cavan,Sullivan,PHI,M,450000.00,614000.00,2026,Spring
SJ7gy7X3,3U6yTf,CJ,Olney Jr.,PHI,M,113400.00,127065.00,2026,Spring
YwsTehnX,RAO0Ce,Danley,Jean Jacques,PHI,M,650000.00,702500.00,2026,Spring
HlzJkUTv,nS3dvj,Eddy,Davis III,PHI,F,113400.00,115400.00,2026,Spring
G0rd6rpZ,HAQBLO,Ezekiel,Alladoh,PHI,F,450000.00,540000.00,2026,Spring
NxpOSreE,fZhQsf,Finn,Sundstrom,PHI,D,88025.00,102285.00,2026,Spring
ZEmzOkDO,krpIOY,Frankie,Westfield,PHI,D,113400.00,125285.00,2026,Spring
FQ2lutMm,ZdtO5g,Geiner,Martinez,PHI,D,200000.00,360204.00,2026,Spring
ZbrPqP42,JQDrzI,George,Marks,PHI,GK,125000.00,132125.00,2026,Spring
vYul8YPm,yuYUkA,Indiana,Vassilev,PHI,F,600000.00,665000.00,2026,Spring
wEDvjVH4,9o24Ka,Japhet,Sery Larsen,PHI,D,600000.00,675300.00,2026,Spring
AMnJsc9Z,7abcCc,Jeremy,Rafanello,PHI,M,165000.00,186125.00,2026,Spring
S3I50lrG,yD1125,Jesus,Bueno,PHI,M,325000.00,359125.00,2026,Spring
Ap63R3xj,QM8zqg,Jovan,Lukic,PHI,M,395000.00,441375.00,2026,Spring
3eWLeMuo,sUbg3b,Kaiden,Moore,PHI,D,88025.00,88025.00,2026,Spring
3eeqHpYa,fJhKbj,Malik,Jakupovic,PHI,F,88025.00,105956.00,2026,Spring
G2pEwbme,swh3zc,Markus,Anderson,PHI,F,140000.00,142000.00,2026,Spring
C8tTtVC3,MPYvIW,Milan,Iloski,PHI,F,575000.00,628194.00,2026,Spring
Tb4ZtHAL,qfFgQl,Nathan,Harriel,PHI,D,325000.00,421300.00,2026,Spring
BzJdMbwr,czVSMH,Neil,Pierre,PHI,D,113400.00,129798.00,2026,Spring
IPwPSk4F,AXDv1y,Olivier,Mbaizo,PHI,D,460000.00,502875.00,2026,Spring
mhL21N3l,IzDHZu,Olwethu,Makhanya,PHI,D,300000.00,338875.00,2026,Spring
Bwy97Kwf,i63n12,Philippe,Ndinga,PHI,D,300000.00,332250.00,2026,Spring
te6lJJ76,EsjTBw,Quinn,Sullivan,PHI,M,500000.00,568000.00,2026,Spring
c8f6i8uV,iPC8Y4,Sal,Olivas,PHI,F,113400.00,137480.00,2026,Spring
EbesCwXJ,56fvkd,Stas,Korzeniowski,PHI,F,88025.00,88025.00,2026,Spring
QiFjyoUZ,ccrEpg,Alex,Bonetig,POR,D,240000.00,261000.00,2026,Spring
UXnnGRza,vlqrbU,Alexander,Aravena,POR,F,857143.00,1026310.00,2026,Spring
p97KOA4W,cCrNev,Antony,Alves Santos,POR,F,560000.00,666042.00,2026,Spring
FY5jhHNJ,mArhhE,Ariel,Lassiter,POR,F,325000.00,358000.00,2026,Spring
NHJMoXv9,MordnN,Brandon,Bye,POR,D,400000.00,442500.00,2026,Spring
U04YlwSD,Du0LCa,Cole,Bassett,POR,M,850000.00,850000.00,2026,Spring
36EcQt9Y,XFVeq8,David,Da Costa,POR,M,2725000.00,3425000.00,2026,Spring
plX4c9B6,DcH4r4,Diego,Chara,POR,M,388044.00,388044.00,2026,Spring
emdOSEjI,nFvtBP,Eric,Miller,POR,D,113400.00,113400.00,2026,Spring
VaDxcZSf,t7BYap,Felipe,Mora,POR,F,1200000.00,1397750.00,2026,Spring
JXm7FI9m,C2TFQe,Finn,Surman,POR,D,275000.00,303233.00,2026,Spring
7Y2xvM43,JuU909,Gage,Guerra,POR,F,88025.00,88025.00,2026,Spring
cl9Mkust,ZjHd1j,Hunter,Sulte,POR,GK,135000.00,149750.00,2026,Spring
vT28RANb,38ZdDX,Ian,Smith,POR,D,88025.00,88025.00,2026,Spring
z7pS7lqX,vse6sI,James,Pantemis,POR,GK,300000.00,320833.00,2026,Spring
29exZTRE,Yv6hqH,Jimer,Fory,POR,D,450000.00,470000.00,2026,Spring
7vNAj0tg,xf0S9s,Joao,Ortiz,POR,M,550000.00,600625.00,2026,Spring
dTWXy8nM,D1gi6q,Jose,Caicedo,POR,M,1000000.00,1075009.00,2026,Spring
aF2EJcJY,7o4keP,Juan,Mosquera,POR,D,475000.00,541650.00,2026,Spring
IpKDkIcq,tIUIXx,Kamal,Miller,POR,D,797496.00,822496.00,2026,Spring
oXHH8CSw,WetouI,Kevin,Kelsy,POR,F,662000.00,802804.00,2026,Spring
A8tUyeY2,wtcXqk,Kristoffer,Velde,POR,F,2280000.00,3027000.00,2026,Spring
woDbU5pQ,wjlPBe,Omir,Fernandez,POR,F,625000.00,686875.00,2026,Spring
wVt1WZBb,Eo9zEp,Sawyer,Jura,POR,D,88025.00,91358.00,2026,Spring
hIx6VdW9,oRS8zj,Trey,Muse,POR,GK,113400.00,113400.00,2026,Spring
VP3fLvSf,7Yk4mG,Zac,McGraw,POR,D,295000.00,341750.00,2026,Spring
f5wUCuoe,ANLE0j,Aiden,Hezarkhani,RSL,F,88025.00,94383.00,2026,Spring
em2c6PNh,n9lxkJ,Alexandros,Katranis,RSL,D,450000.00,519875.00,2026,Spring
cqP0IEDv,uNgSC7,Antonio,Riquelme,RSL,M,88025.00,91740.00,2026,Spring
FjDKBAgy,Yln0X2,Ariath,Piol,RSL,F,294000.00,348859.00,2026,Spring
cljSRVj7,7sZdMC,Chance,Cowell,RSL,F,88025.00,91740.00,2026,Spring
ZXIpH9Rl,uoT7JB,DeAndre,Yedlin,RSL,D,650000.00,726667.00,2026,Spring
NFiCZBxr,UJbUUq,Diego,Luna,RSL,M,450000.00,500833.00,2026,Spring
7jwCeKxH,OFEsoK,Dominik,Marczuk,RSL,F,720000.00,795500.00,2026,Spring
or6u0SBv,HDcb35,Emeka,Eneli,RSL,M,400000.00,441000.00,2026,Spring
AKcBVh8t,H9pe9s,Gio,Villa,RSL,D,88025.00,91358.00,2026,Spring
xctmmssO,dk8xJp,Griffin,Dillon,RSL,M,88025.00,92668.00,2026,Spring
RxtvGQig,Wztbd1,Jesus,Barea,RSL,F,88025.00,89761.00,2026,Spring
cR6yDfKN,LsqXBO,Juan Jose,Arias,RSL,D,500000.00,565139.00,2026,Spring
4nDWkXIM,wgSpNd,Juan Manuel,Sanabria,RSL,D,500000.00,500000.00,2026,Spring
5S73nKg5,Ccrtqk,Justen,Glad,RSL,D,1150000.00,1330000.00,2026,Spring
A5PkIlD0,IZo34K,Kobi,Henry,RSL,D,113400.00,121376.00,2026,Spring
jzE1Bge7,fMYK9i,Luca,Moisa,RSL,M,113400.00,113400.00,2026,Spring
DDTZbygP,Pb4L4e,Luis,Rivera,RSL,D,160000.00,171100.00,2026,Spring
u5roj44L,e1k6Dm,Lukas,Engel,RSL,D,750000.00,832135.00,2026,Spring
6RyxReKS,1UDAuC,Mason,Stajduhar,RSL,GK,200000.00,215650.00,2026,Spring
tjdPPuSd,Q2GHki,Max,Kerkvliet,RSL,GK,88025.00,88025.00,2026,Spring
bFVjQJQO,kIUn1r,Morgan,Guilavogui,RSL,F,2200000.00,2225500.00,2026,Spring
jgnNt2qn,PbR0Yo,Noel,Caliskan,RSL,M,113400.00,113400.00,2026,Spring
rtKr6Y3s,owZPLI,Omar,Marquez,RSL,F,88025.00,103600.00,2026,Spring
xhDV42nZ,bP1twF,Owen,Anderson,RSL,M,88025.00,93915.00,2026,Spring
MNSMWUY5,P9eUUB,Pablo,Ruiz,RSL,M,825000.00,911500.00,2026,Spring
6BnEksEV,9LIFvU,Philip,Quinton,RSL,D,175000.00,175000.00,2026,Spring
7JrP6chh,stK7CN,Rafael,Cabral Barbosa,RSL,GK,470000.00,703750.00,2026,Spring
52foFkab,UcYnPf,Sam,Junqua,RSL,D,450000.00,482813.00,2026,Spring
pQXNM4qN,gk3SND,Sergi,Solans,RSL,F,88025.00,88025.00,2026,Spring
v6quLvy7,Lo4ygt,Stijn,Spierings,RSL,M,750000.00,783333.00,2026,Spring
iJdGIgfs,vSFEP3,Tyler,Wolff,RSL,F,160000.00,160000.00,2026,Spring
NHvT5kyZ,5T37gR,Van,Parker,RSL,F,88025.00,90192.00,2026,Spring
DPZ4c6n9,vDVcYj,Victor,Olatunji,RSL,F,600000.00,626500.00,2026,Spring
d9BMetCj,AaTdaf,Zach,Booth,RSL,F,200000.00,217500.00,2026,Spring
nauOmjtI,1BewLl,Zavier,Gozo,RSL,F,113400.00,126123.00,2026,Spring
sjSM32k3,nQMS6f,Diego,Rocio,RSL,F,88025.00,92668.00,2026,Spring
Bf0Dj3jX,erQUkt,Nelson,Palacio,RSL,M,430000.00,473167.00,2026,Spring
Pbt30nSG,vYniWe,Alejandro,Alvarado,SD,M,88025.00,95547.00,2026,Spring
Pnfjs7RN,rcwVSu,Alex,Mighten,SD,F,325000.00,332292.00,2026,Spring
gRX2x3l1,3SFeSF,Amahl,Pellegrino,SD,F,600000.00,645000.00,2026,Spring
PKMdpwoG,3SnbB8,Anders,Dreyer,SD,F,2979168.00,3561251.00,2026,Spring
Rrvj4l7x,NPm3QX,Andres,Reyes,SD,D,804000.00,879000.00,2026,Spring
4yDz98Cl,1dWXnK,Anibal,Godoy,SD,M,325000.00,358333.00,2026,Spring
0hD8QkFE,AmaumK,Anisse,Saidi,SD,F,88025.00,101915.00,2026,Spring
sCPXrptk,4ULTF7,Bryan,Zamble,SD,F,88025.00,88025.00,2026,Spring
VGKbhl2D,ZrVySd,Bryce,Duke,SD,M,300000.00,336500.00,2026,Spring
FqKiWEsr,rqyT0b,Chris,McVey,SD,D,525000.00,576813.00,2026,Spring
aY9K9xGF,CkxEaC,CJ,dos Santos,SD,GK,350000.00,390875.00,2026,Spring
FliyCOhJ,VfXeS1,David,Vazquez,SD,M,140000.00,155880.00,2026,Spring
fEjXwmMi,nc2kLv,Duran,Ferree,SD,GK,113400.00,113400.00,2026,Spring
VjeqXInD,Q4cQAP,Emmanuel,Boateng,SD,M,185004.00,185004.00,2026,Spring
VE7pb2c7,59FqNi,Hirving,Lozano,SD,F,6000000.00,9333333.00,2026,Spring
mu3Ziwx8,XOGSml,Ian,Pilcher,SD,D,88025.00,88025.00,2026,Spring
zxblzUn9,NGCY7X,Jeppe,Tverskov,SD,M,1000000.00,1096667.00,2026,Spring
cBk9uLDv,4WZgFf,Kieran,Sargeant,SD,D,113400.00,122180.00,2026,Spring
Grn7xduP,Dji50y,Lewis,Morgan,SD,F,1639150.00,1868508.00,2026,Spring
2fdpgE0O,Oc6I4R,Luca,Bombino,SD,D,150000.00,177200.00,2026,Spring
nIRSPk1w,YFvg7t,Manu,Duah,SD,D,88025.00,92025.00,2026,Spring
zIYNridi,q3hjBC,Marcus,Ingvartsen,SD,F,1800000.00,1800000.00,2026,Spring
Xo2dJY1k,K3DUrq,Onni,Valakari,SD,M,705000.00,781800.00,2026,Spring
dICfohud,FeTuav,Oscar,Verhoeven,SD,D,175000.00,188395.00,2026,Spring
3emDff6v,bxqVYv,Osvald,Søe,SD,D,234996.00,234996.00,2026,Spring
MazWvaeb,Px4HmZ,Pablo,Sisniega,SD,GK,215000.04,241467.00,2026,Spring
mK9aMKhW,9rNQDg,Pedro,Soma,SD,M,275000.00,325453.00,2026,Spring
yL5G2poD,Lma09Z,Willy,Kumado,SD,D,113400.00,125835.00,2026,Spring
dzxFVU2a,Efpzlt,Wilson,Eisner,SD,D,88025.00,95290.00,2026,Spring
AKvRftC2,awSCd3,Beau,Leroux,SJ,M,249996.00,249996.00,2026,Spring
fWy09vw6,YN0b4u,Benji,Kikanovic,SJ,F,442000.00,478700.00,2026,Spring
KIlNfNwW,DAlvbh,Cristian,Arango,SJ,F,800000.00,800000.00,2026,Spring
HMoo0xgA,1UkKMp,Cruz,Medina,SJ,M,180000.00,198394.00,2026,Spring
UKM0lyvR,1adn2Q,Daniel,de Sousa Britto,SJ,GK,750000.00,792500.00,2026,Spring
ZWECxPR1,vUNH3k,Daniel,Munie,SJ,D,500000.00,574000.00,2026,Spring
y9XH9cFO,8orUv2,Dave,Romney,SJ,D,882875.00,962375.00,2026,Spring
kVpTRKik,zc3yO5,DeJuan,Jones,SJ,D,891996.00,898246.00,2026,Spring
oOhCNkzB,OlgZ9P,Earl,Edwards Jr.,SJ,GK,210000.00,220250.00,2026,Spring
2hRzqW0M,Gv4y6M,Edwyn,Mendoza,SJ,M,120000.00,132440.00,2026,Spring
6L15anqw,5UZxdf,Francesco,Montali,SJ,GK,113400.00,116578.00,2026,Spring
jVDfts7k,S86gzM,Hernan,Lopez Munoz,SJ,M,850000.00,1020000.00,2026,Spring
MpjPojKS,Dv4jY2,Ian,Harkes,SJ,M,450000.00,450000.00,2026,Spring
HfedBI3f,wQLCCH,Jack,Jasinski,SJ,D,88025.00,90287.00,2026,Spring
L0DaDcDn,ZPg1QA,Jack,Skahan,SJ,M,225000.00,225000.00,2026,Spring
L7wmOzFH,u0VJko,Jamar,Ricketts,SJ,D,113400.00,114987.00,2026,Spring
evErsfAJ,xZJLUl,Jonathan,Gonzalez,SJ,M,250000.00,275625.00,2026,Spring
vrjk5K4o,35Sosw,Kaedren,Spivey,SJ,M,113400.00,116400.00,2026,Spring
f3XbA1VW,WKznBt,Max,Floriani,SJ,D,88025.00,90525.00,2026,Spring
HMKuWIlZ,AfYyVb,Nate,Crockford,SJ,GK,88025.00,88025.00,2026,Spring
9uuUsqyU,bty2Tv,Nick,Fernandez,SJ,M,113400.00,115304.00,2026,Spring
r5QuSKRl,2lvS72,Niko,Tsakiris,SJ,M,685714.00,755214.00,2026,Spring
5UDoGqgW,Da8a3o,Noel,Buck,SJ,M,150000.00,150000.00,2026,Spring
w9rnDWjF,n9qnEV,Nonso,Adimabua,SJ,F,113400.00,117285.00,2026,Spring
Tq2W4soQ,BdmRm0,Ousseni,Bouda,SJ,F,350000.00,350000.00,2026,Spring
2l4ffEUY,ztf4bI,Paul,Marie,SJ,D,350000.00,382500.00,2026,Spring
BIUV8562,bGsWtW,Preston,Judd,SJ,F,250000.00,299375.00,2026,Spring
RUBOLMLC,v3CmHC,Reid,Roberts,SJ,D,88025.00,88025.00,2026,Spring
eoWNQYVy,Jobxab,Rohan,Rajagopal,SJ,M,88025.00,88025.00,2026,Spring
DUdZIY0P,5ra7CD,Ronaldo,Vieira,SJ,M,800000.00,853854.00,2026,Spring
Rp0wN9hX,wqpN9k,Timo,Werner,SJ,F,3738872.00,4268039.00,2026,Spring
IGNi1prK,pQJ5Oy,Vitor,Costa,SJ,D,425000.00,463333.00,2026,Spring
t2M5IVhN,9slPZP,Albert,Rusnak,SEA,M,2685000.00,2685000.00,2026,Spring
YMDqN9Wr,1sK5Mm,Alex,Roldan,SEA,D,625000.00,658050.00,2026,Spring
ZhoDfk3v,lP8lEy,Andrew,Thomas,SEA,GK,252500.00,252500.00,2026,Spring
j0KgDzvf,FrcAw6,Antino,Lopez,SEA,D,88025.00,88025.00,2026,Spring
ZMRXwFa1,mmsVnn,Cody,Baker,SEA,D,113400.00,119104.00,2026,Spring
KGq1hbDv,NFnz7H,Cristian,Roldan,SEA,M,1645000.00,1766000.00,2026,Spring
gjCabShp,cgzEga,Danny,Musovski,SEA,F,650000.00,712924.00,2026,Spring
fgCOEbbv,n80Wf5,Hassani,Dotson,SEA,M,828125.00,828125.00,2026,Spring
yDBN6AxT,i6BGJn,Jackson,Ragen,SEA,D,625000.00,635000.00,2026,Spring
0oJtUH6b,zvT1Pw,Jesus,Ferreira,SEA,F,1639204.00,1882937.00,2026,Spring
cwBMzfsH,2L0Fvv,Jordan,Morris,SEA,F,2362500.00,2372500.00,2026,Spring
AZM8Vdup,bfXPAo,Kalani,Kossa-Rienzi,SEA,D,113400.00,113400.00,2026,Spring
WMfrNTa8,RXlwOx,Kee-hee,Kim,SEA,D,113400.00,113400.00,2026,Spring
2S14sAOJ,DuKbRE,Max,Anchor,SEA,GK,113400.00,120842.00,2026,Spring
7OXE4jSW,0Saj6H,Nikola,Petkovic,SEA,M,470000.00,516250.00,2026,Spring
NAzjxrDL,o25tHD,Nouhou,Tolo,SEA,D,800000.00,835000.00,2026,Spring
zgLzhcfe,6ipmNK,Osaze,De Rosario,SEA,F,250000.00,315000.00,2026,Spring
6TBd0jxy,y3zv3m,Paul,Arriola,SEA,F,1000000.00,1142500.00,2026,Spring
g9uajmGJ,xbLklC,Paul,Rothrock,SEA,F,525000.00,525000.00,2026,Spring
GwfQ4spN,o8fDDd,Pedro,de la Vega,SEA,F,1000000.00,1379000.00,2026,Spring
P9pYGLVI,tciAFg,Peter,Kingston,SEA,M,113400.00,113400.00,2026,Spring
DGeCccVW,AwRGpe,Ryan,Sailor,SEA,D,113400.00,113400.00,2026,Spring
fhz2JN6a,3gKFo7,Sebastian,Gomez,SEA,M,88025.00,94740.00,2026,Spring
uKMEGUiy,nlOFbd,Snyder,Brunell,SEA,M,88025.00,98051.00,2026,Spring
ErvaCmUI,TW1vcD,Stefan,Frei,SEA,GK,365000.00,390750.00,2026,Spring
gwbcFsIv,mf1rZ9,Stuart,Hawkins,SEA,D,113400.00,125421.00,2026,Spring
1cZWZk31,o3EdJQ,Yeimar,Gomez Andrade,SEA,D,900000.00,982500.00,2026,Spring
bTxv6Dhr,Olfh17,Yu,Tsukanome,SEA,F,113400.00,113400.00,2026,Spring
aFPfCEU7,PxZG2j,Calvin,Harris,KC,F,375000.00,375000.00,2026,Spring
hlK4P4eO,fYd5SP,Cielo,Tschantret,KC,M,88025.00,88025.00,2026,Spring
zDKOUWSE,0eXSXd,Dejan,Joveljic,KC,F,3000000.00,3306250.00,2026,Spring
TY8dV1kM,5k6gIT,Diego,Borges,KC,D,300000.00,330000.00,2026,Spring
bwcsnYF8,lu2UDm,Ethan,Bartlow,KC,D,113400.00,142637.00,2026,Spring
3TygQ3WI,aPVnfB,Ian,James,KC,D,113400.00,117998.00,2026,Spring
A9vbepxE,ygoKuV,Jack,Kortkamp,KC,GK,88025.00,90025.00,2026,Spring
KCXkuwE7,nhsWk4,Jacob,Bartlett,KC,M,88025.00,91025.00,2026,Spring
SwLmW564,bSDoWT,Jake,Davis,KC,D,425000.00,437500.00,2026,Spring
c6LdU7SG,h0detA,Jansen,Miller,KC,D,88025.00,89705.00,2026,Spring
1GrZoCcy,4qvvaj,Jayden,Reid,KC,D,113400.00,116655.00,2026,Spring
LOr24Ep1,MNvoir,John,Pulskamp,KC,GK,400000.00,425375.00,2026,Spring
buuGh4ed,JUnJwX,Justin,Reynolds,KC,D,123400.00,123400.00,2026,Spring
SG9WDxiQ,ZqB2om,Kwaku,Agyabeng,KC,M,88025.00,88858.00,2026,Spring
dcmVScii,4tXDfp,Lasse,Berg Johnsen,KC,M,1100000.00,1191250.00,2026,Spring
9HrmGZIZ,MZRKsb,Manu,Garcia,KC,M,2200000.00,2425313.00,2026,Spring
9w0e5sSV,VPmsQv,Capita,Capemba,KC,F,600000.00,658720.00,2026,Spring
Rz9LYm37,fFv51h,Ryan,Schewe,KC,GK,88025.00,88025.00,2026,Spring
gGX3idu4,k3LusM,Shapi,Suleymanov,KC,F,950000.00,1065028.00,2026,Spring
ugHQRtDl,7XSSIF,Stefan,Cleveland,KC,GK,215000.00,237000.00,2026,Spring
AtsJQ0ZU,6Vc0uq,Stephen,Afrifa,KC,F,113400.00,113400.00,2026,Spring
CyC4Fo3Q,6UC0tw,Taylor,Calheira,KC,F,88025.00,100824.00,2026,Spring
4BfNDd7D,GkymGm,Wyatt,Meyer,KC,D,113400.00,116550.00,2026,Spring
C8zdgSpU,EsBn6r,Zorhan,Bassong,KC,M,450000.00,540833.00,2026,Spring
BTFsNAPa,IMvNa1,Ben,Lundt,STL,GK,225000.00,225000.00,2026,Spring
88eja3af,Spwx0t,Brendan,McSorley,STL,F,88025.00,88025.00,2026,Spring
TXZDeO4h,ZL3HQz,Caden,Glover,STL,F,150000.00,155000.00,2026,Spring
13kuyMKD,dUnNkj,Cedric,Teuchert,STL,F,1400000.00,1542500.00,2026,Spring
WCZxbHB3,opjIuU,Celio,Pompeu,STL,F,272750.00,309006.00,2026,Spring
2T3UYASm,LchMdT,Chris,Durkin,STL,M,600000.00,668500.00,2026,Spring
wu63WPrn,iFjQRt,Christian,Olivares,STL,GK,113400.00,113400.00,2026,Spring
UScmdmFk,w2RI50,Conrad,Wallem,STL,M,600000.00,657188.00,2026,Spring
lvg2Wipj,yAHNxT,Daniel,Edelman,STL,M,600000.00,676350.00,2026,Spring
ZPBdKuEG,dqI6fT,Dante,Polvara,STL,M,400000.00,436806.00,2026,Spring
BQ7LOyqj,dslMuG,Eduard,Lowen,STL,M,1300000.00,1444250.00,2026,Spring
CwfYmk4h,BmfU5b,Fallou,Fall,STL,D,645500.00,743919.00,2026,Spring
0iZaBP5D,WFjzGm,Jake,Girdwood-Reich,STL,D,296750.00,335527.00,2026,Spring
wYuHR8yN,EW9sV6,Jaziel,Orozco,STL,D,88025.00,88025.00,2026,Spring
Kvwp24gH,Ssybk5,Joshua,Yaro,STL,D,206000.00,227725.00,2026,Spring
fkTzmvoC,rNMUXd,Kyle,Hiebert,STL,D,260000.00,289000.00,2026,Spring
JX6kmMyc,q7FtBi,Lukas,MacNaughton,STL,D,200000.00,219306.00,2026,Spring
9kanZpNg,nnVhIk,Mamadou,Mbacke,STL,D,435000.00,496350.00,2026,Spring
5cHC2uFm,tE7pIP,Marcel,Hartel,STL,M,2022300.00,2407813.00,2026,Spring
g85OEVtC,ejBnpA,Miguel,Perez,STL,M,113400.00,113400.00,2026,Spring
KIQfWBvv,tumLVV,MyKhi,Joyner,STL,M,113400.00,130680.00,2026,Spring
aWhR0sGx,V7NQR2,Rafael,Santos,STL,D,200000.00,226354.00,2026,Spring
2uMEsI8N,uPVknV,Roman,Burki,STL,GK,2500000.00,2750000.00,2026,Spring
kavN0rRZ,2heILP,Sang-bin,Jeong,STL,F,685125.00,791833.00,2026,Spring
tKyaclYK,UY9sYC,Sergio,Cordova,STL,F,1200000.00,1213500.00,2026,Spring
usG3YsOT,ea5MKS,Simon,Becher,STL,F,400000.00,444375.00,2026,Spring
6NxK3koS,okMkjZ,Timo,Baumgartl,STL,D,600000.00,693333.00,2026,Spring
zxL10RSj,Vnp7nP,Tomas,Totland,STL,D,350000.00,391763.00,2026,Spring
fnqpu6Zl,ewRe1W,Tomas,Ostrak,STL,M,700000.00,801000.00,2026,Spring
lYkecVfz,slF3MF,Tyson,Pearce,STL,D,130000.00,130000.00,2026,Spring
ZYDnW4Sm,wRFCMO,Adam,Pearlman,TOR,D,130000.00,143300.00,2026,Spring
UOlM8vbb,odJOAd,Adisa,De Rosario,TOR,GK,88025.00,104638.00,2026,Spring
4uqpIIAu,hA58vv,Alonso,Coello,TOR,M,300000.00,335000.00,2026,Spring
6IHaCXYm,LALXkD,Benjamin,Kuscevic,TOR,D,650004.00,804982.00,2026,Spring
ARZSJF6K,AUMwW3,Cassius,Mailula,TOR,F,350000.00,366003.00,2026,Spring
HcrAttLP,SELAPM,Daniel,Salloi,TOR,F,1300000.00,1343333.00,2026,Spring
NYUhP4Ah,1jmAav,Deandre,Kerr,TOR,F,160000.00,165319.00,2026,Spring
jBSaraoq,BwnFPZ,Derrick,Etienne Jr.,TOR,F,375000.00,375000.00,2026,Spring
HngnVAHJ,MQf0Yg,Djordje,Mihailovic,TOR,M,2279170.00,2828204.00,2026,Spring
FJmp8MnX,O2X9ha,Emilio,Aristizabal,TOR,F,324996.00,344788.00,2026,Spring
MFf5r8In,yS1bIR,Henry,Wingo,TOR,D,725000.00,796031.00,2026,Spring
pUrkwxB4,wT3KyQ,Jonathan,Osorio,TOR,M,800000.00,1083333.00,2026,Spring
r6DmsmSl,5LN5Go,Jose,Cifuentes,TOR,M,1374999.96,1570000.00,2026,Spring
cIAaGK2g,sJnY0p,Josh,Sargent,TOR,F,3210000.00,5265667.00,2026,Spring
Vnc43ztp,WX1X3P,Jules-Anthony,Vilsaint,TOR,F,150000.00,156875.00,2026,Spring
UFad0b3M,I7Ymb4,Kobe,Franklin,TOR,D,150000.00,160802.00,2026,Spring
MwSj3cOU,XsdPt9,Lazar,Stefanovic,TOR,D,113400.00,125306.00,2026,Spring
wxqZlRNE,rk7Xqd,Luka,Gavran,TOR,GK,225000.00,249475.00,2026,Spring
6A1wye0t,o1TFUp,Malik,Henry,TOR,M,88025.00,88025.00,2026,Spring
GnWXsQhd,Nh47oo,Markus,Cimermancic,TOR,M,88025.00,101881.00,2026,Spring
8pHePQCQ,1uPPac,Matheus,Pereira de Souza,TOR,D,477000.00,650800.00,2026,Spring
5QU1utqn,UNQyCT,Nicksoen,Gomis,TOR,D,113400.00,113400.00,2026,Spring
SWmaqab9,XGUMF0,Raheem,Edwards,TOR,D,375000.00,414340.00,2026,Spring
qSmjFazv,Ce83Be,Richie,Laryea,TOR,D,875000.00,1214438.00,2026,Spring
FhdKfAN9,ZJnDNF,Stefan,Kapor,TOR,D,88025.00,97740.00,2026,Spring
rRYA4j8b,W33HwB,Theo,Corbeanu,TOR,F,450000.00,496625.00,2026,Spring
ozQN0fmg,hK165V,Walker,Zimmerman,TOR,D,1140000.00,1708037.00,2026,Spring
TwZT4lNt,y2oeAh,William,Yarbrough,TOR,GK,135000.00,150000.00,2026,Spring
TL7cRC2G,e3C87p,Zane,Monlouis,TOR,D,125000.00,137891.00,2026,Spring
CG1jsXSy,Ul5dfH,Adrian,Zendejas,VAN,GK,113400.00,113400.00,2026,Spring
OZBRhGH9,1vqvNj,Andres,Cubas,VAN,M,1000000.00,1153333.00,2026,Spring
KjagmCVJ,RrY4e2,AZ,Jackson,VAN,M,240000.00,403680.00,2026,Spring
bcdPiFKm,bhUYUZ,Belal,Halbouni,VAN,D,204000.00,230233.00,2026,Spring
cAzaB27q,aa4Fln,Brian,White,VAN,F,1065000.00,1065000.00,2026,Spring
t9ic0Cw6,Hg2R0D,Bruno,Caicedo,VAN,F,390000.00,430150.00,2026,Spring
zO5UlFTW,QHILzs,Cheikh,Sabaly,VAN,F,1109091.00,1414727.00,2026,Spring
gOfrTKa8,pOZqpk,Edier,Ocampo,VAN,D,400000.00,453799.00,2026,Spring
qw6Y8kOh,8E2v2j,Emmanuel,Sabbi,VAN,F,1080000.00,1167750.00,2026,Spring
3f6mkQtm,8oSdN0,Giuseppe,Bovalina,VAN,D,125000.00,137980.00,2026,Spring
Qf2eC8Tw,gkma7Y,Isaac,Boehmer,VAN,GK,165000.00,173750.00,2026,Spring
6dpCfNG0,dDVAfz,J.C.,Ngando,VAN,M,200000.00,200000.00,2026,Spring
BDJzbV9L,5lVVOR,Jeevan,Badwal,VAN,M,113400.00,113400.00,2026,Spring
7NlUFoYl,W4JVH5,Joedrick,Pupe,VAN,D,450000.00,490600.00,2026,Spring
bUtu4AZp,7kBPV3,Kenji,Cabrera,VAN,F,400000.00,440053.00,2026,Spring
X8styaSm,l5niea,Liam,MacKenzie,VAN,M,88025.00,103450.00,2026,Spring
SXLqbDrk,M0wRop,Mathias,Laborda,VAN,D,1050000.00,1193625.00,2026,Spring
QD0z72Sp,TGx5sL,Mihail,Gherasimencov,VAN,D,88025.00,97748.00,2026,Spring
ofdm8M2n,6L2qju,Nelson,Pierre,VAN,F,125000.00,139116.00,2026,Spring
IpwvhFsM,Ucepps,Nikola,Djordjevic,VAN,D,88025.00,88025.00,2026,Spring
0Y8DDt0d,UuubL7,Oliver,Larraz,VAN,M,450000.00,496667.00,2026,Spring
mnEMibso,cVJt6e,Ralph,Priso,VAN,M,175000.00,189167.00,2026,Spring
GLNZPx6e,lvxNMl,Ranko,Veselinovic,VAN,D,715000.00,782125.00,2026,Spring
bemvFQqL,nYB6dS,Rayan,Elloumi,VAN,F,88025.00,103671.00,2026,Spring
buNMcQRy,t1uwSL,Ryan,Gauld,VAN,M,3500000.00,3675000.00,2026,Spring
vOuteUPj,fjiFpL,Sam,Adekugbe,VAN,D,1300000.00,1388000.00,2026,Spring
fvmfSjr6,J1FcNS,Sebastian,Berhalter,VAN,M,480000.00,480000.00,2026,Spring
pAk7iyZa,u1Z7HW,Sebastian,Schonlau,VAN,D,720000.00,776833.00,2026,Spring
Zw5t85KS,EeA8ED,Tate,Johnson,VAN,D,88025.00,89025.00,2026,Spring
skdILgq8,AsSyie,Thomas,Muller,VAN,F,5000004.00,5152504.00,2026,Spring
6fP6kJdP,TU9Mcm,Tristan,Blackmon,VAN,D,975000.00,975000.00,2026,Spring
ZGjiZkPN,Kxy65Y,Yohei,Takaoka,VAN,GK,772727.00,841818.00,2026,Spring
